Day - Draw,Date,Pick 5
WED - MID, 1/1/2020,44530
WED - EVE, 1/1/2020,79746
THU - MID, 1/2/2020,40980
THU - EVE, 1/2/2020,62370
FRI - MID, 1/3/2020,564
FRI - EVE, 1/3/2020,94892
SAT - MID, 1/4/2020,6914
SAT - EVE, 1/4/2020,90135
SUN - MID, 1/5/2020,58175
SUN - EVE, 1/5/2020,55318
MON - MID, 1/6/2020,90276
MON - EVE, 1/6/2020,19162
TUE - MID, 1/7/2020,76608
TUE - EVE, 1/7/2020,25315
WED - MID, 1/8/2020,38610
WED - EVE, 1/8/2020,40785
THU - MID, 1/9/2020,90302
THU - EVE, 1/9/2020,47899
FRI - MID, 1/10/2020,89145
FRI - EVE, 1/10/2020,23239
SAT - MID, 1/11/2020,22876
SAT - EVE, 1/11/2020,21447
SUN - MID, 1/12/2020,64950
SUN - EVE, 1/12/2020,41039
MON - MID, 1/13/2020,56304
MON - EVE, 1/13/2020,44211
TUE - MID, 1/14/2020,94717
TUE - EVE, 1/14/2020,91408
WED - MID, 1/15/2020,82828
WED - EVE, 1/15/2020,49077
THU - MID, 1/16/2020,64596
THU - EVE, 1/16/2020,8523
FRI - MID, 1/17/2020,1193
FRI - EVE, 1/17/2020,59418
SAT - MID, 1/18/2020,66510
SAT - EVE, 1/18/2020,84627
SUN - MID, 1/19/2020,83261
SUN - EVE, 1/19/2020,84480
MON - MID, 1/20/2020,9997
MON - EVE, 1/20/2020,44069
TUE - MID, 1/21/2020,39576
TUE - EVE, 1/21/2020,78386
WED - MID, 1/22/2020,67495
WED - EVE, 1/22/2020,37947
THU - MID, 1/23/2020,6544
THU - EVE, 1/23/2020,61667
FRI - MID, 1/24/2020,59615
FRI - EVE, 1/24/2020,77522
SAT - MID, 1/25/2020,19544
SAT - EVE, 1/25/2020,21258
SUN - MID, 1/26/2020,98402
SUN - EVE, 1/26/2020,32646
MON - MID, 1/27/2020,23797
MON - EVE, 1/27/2020,81695
TUE - MID, 1/28/2020,44624
TUE - EVE, 1/28/2020,3384
WED - MID, 1/29/2020,37259
WED - EVE, 1/29/2020,50565
THU - MID, 1/30/2020,9196
THU - EVE, 1/30/2020,93642
FRI - MID, 1/31/2020,50455
FRI - EVE, 1/31/2020,28270
SAT - MID, 2/1/2020,58472
SAT - EVE, 2/1/2020,71907
SUN - MID, 2/2/2020,55530
SUN - EVE, 2/2/2020,31411
MON - MID, 2/3/2020,91770
MON - EVE, 2/3/2020,4747
TUE - MID, 2/4/2020,29481
TUE - EVE, 2/4/2020,22276
WED - MID, 2/5/2020,92135
WED - EVE, 2/5/2020,47151
THU - MID, 2/6/2020,61006
THU - EVE, 2/6/2020,65485
FRI - MID, 2/7/2020,25293
FRI - EVE, 2/7/2020,41097
SAT - MID, 2/8/2020,82210
SAT - EVE, 2/8/2020,44612
SUN - MID, 2/9/2020,24199
SUN - EVE, 2/9/2020,98629
MON - MID, 2/10/2020,504
MON - EVE, 2/10/2020,97664
TUE - MID, 2/11/2020,79581
TUE - EVE, 2/11/2020,81003
WED - MID, 2/12/2020,13149
WED - EVE, 2/12/2020,48313
THU - MID, 2/13/2020,77542
THU - EVE, 2/13/2020,15890
FRI - MID, 2/14/2020,62341
FRI - EVE, 2/14/2020,28473
SAT - MID, 2/15/2020,74425
SAT - EVE, 2/15/2020,56956
SUN - MID, 2/16/2020,8466
SUN - EVE, 2/16/2020,31419
MON - MID, 2/17/2020,35350
MON - EVE, 2/17/2020,35394
TUE - MID, 2/18/2020,40571
TUE - EVE, 2/18/2020,89939
WED - MID, 2/19/2020,11528
WED - EVE, 2/19/2020,64277
THU - MID, 2/20/2020,98857
THU - EVE, 2/20/2020,30228
FRI - MID, 2/21/2020,8720
FRI - EVE, 2/21/2020,70661
SAT - MID, 2/22/2020,81618
SAT - EVE, 2/22/2020,19083
SUN - MID, 2/23/2020,67574
SUN - EVE, 2/23/2020,47668
MON - MID, 2/24/2020,7450
MON - EVE, 2/24/2020,35896
TUE - MID, 2/25/2020,55073
TUE - EVE, 2/25/2020,63383
WED - MID, 2/26/2020,64856
WED - EVE, 2/26/2020,47489
THU - MID, 2/27/2020,10698
THU - EVE, 2/27/2020,5644
FRI - MID, 2/28/2020,9867
FRI - EVE, 2/28/2020,59540
SAT - MID, 2/29/2020,32873
SAT - EVE, 2/29/2020,73095
SUN - MID, 3/1/2020,31977
SUN - EVE, 3/1/2020,77738
MON - MID, 3/2/2020,53920
MON - EVE, 3/2/2020,99111
TUE - MID, 3/3/2020,56833
TUE - EVE, 3/3/2020,58107
WED - MID, 3/4/2020,73772
WED - EVE, 3/4/2020,31716
THU - MID, 3/5/2020,53801
THU - EVE, 3/5/2020,49952
FRI - MID, 3/6/2020,76910
FRI - EVE, 3/6/2020,64227
SAT - MID, 3/7/2020,76499
SAT - EVE, 3/7/2020,23743
SUN - MID, 3/8/2020,90117
SUN - EVE, 3/8/2020,29603
MON - MID, 3/9/2020,831
MON - EVE, 3/9/2020,80740
TUE - MID, 3/10/2020,51409
TUE - EVE, 3/10/2020,86852
WED - MID, 3/11/2020,7713
WED - EVE, 3/11/2020,83250
THU - MID, 3/12/2020,28816
THU - EVE, 3/12/2020,41580
FRI - MID, 3/13/2020,22223
FRI - EVE, 3/13/2020,96259
SAT - MID, 3/14/2020,17984
SAT - EVE, 3/14/2020,40219
SUN - MID, 3/15/2020,59210
SUN - EVE, 3/15/2020,24594
MON - MID, 3/16/2020,33629
MON - EVE, 3/16/2020,26650
TUE - MID, 3/17/2020,85165
TUE - EVE, 3/17/2020,126
WED - MID, 3/18/2020,3337
WED - EVE, 3/18/2020,43513
THU - MID, 3/19/2020,71488
THU - EVE, 3/19/2020,21662
FRI - MID, 3/20/2020,12941
FRI - EVE, 3/20/2020,84219
SAT - MID, 3/21/2020,83399
SAT - EVE, 3/21/2020,45963
SUN - MID, 3/22/2020,94047
SUN - EVE, 3/22/2020,86732
MON - MID, 3/23/2020,91904
MON - EVE, 3/23/2020,11024
TUE - MID, 3/24/2020,86245
TUE - EVE, 3/24/2020,95955
WED - MID, 3/25/2020,2451
WED - EVE, 3/25/2020,94718
THU - MID, 3/26/2020,69863
THU - EVE, 3/26/2020,53485
FRI - MID, 3/27/2020,59190
FRI - EVE, 3/27/2020,47736
SAT - MID, 3/28/2020,82566
SAT - EVE, 3/28/2020,9578
SUN - MID, 3/29/2020,60403
SUN - EVE, 3/29/2020,30899
MON - MID, 3/30/2020,75922
MON - EVE, 3/30/2020,20126
TUE - MID, 3/31/2020,40960
TUE - EVE, 3/31/2020,70375
WED - MID, 4/1/2020,66041
WED - EVE, 4/1/2020,957
THU - MID, 4/2/2020,80747
THU - EVE, 4/2/2020,45469
FRI - MID, 4/3/2020,26589
FRI - EVE, 4/3/2020,62944
SAT - MID, 4/4/2020,21836
SAT - EVE, 4/4/2020,31235
SUN - MID, 4/5/2020,89451
SUN - EVE, 4/5/2020,37618
MON - MID, 4/6/2020,91747
MON - EVE, 4/6/2020,36163
TUE - MID, 4/7/2020,36361
TUE - EVE, 4/7/2020,15653
WED - MID, 4/8/2020,23467
WED - EVE, 4/8/2020,40757
THU - MID, 4/9/2020,86673
THU - EVE, 4/9/2020,9067
FRI - MID, 4/10/2020,40695
FRI - EVE, 4/10/2020,90783
SAT - MID, 4/11/2020,40056
SAT - EVE, 4/11/2020,89937
SUN - MID, 4/12/2020,77210
SUN - EVE, 4/12/2020,26809
MON - MID, 4/13/2020,21505
MON - EVE, 4/13/2020,16004
TUE - MID, 4/14/2020,49733
TUE - EVE, 4/14/2020,55470
WED - MID, 4/15/2020,6953
WED - EVE, 4/15/2020,87678
THU - MID, 4/16/2020,95003
THU - EVE, 4/16/2020,7693
FRI - MID, 4/17/2020,44568
FRI - EVE, 4/17/2020,5064
SAT - MID, 4/18/2020,12300
SAT - EVE, 4/18/2020,86771
SUN - MID, 4/19/2020,63038
SUN - EVE, 4/19/2020,48732
MON - MID, 4/20/2020,46066
MON - EVE, 4/20/2020,25994
TUE - MID, 4/21/2020,51577
TUE - EVE, 4/21/2020,31916
WED - MID, 4/22/2020,63541
WED - EVE, 4/22/2020,68753
THU - MID, 4/23/2020,84858
THU - EVE, 4/23/2020,13154
FRI - MID, 4/24/2020,76611
FRI - EVE, 4/24/2020,49440
SAT - MID, 4/25/2020,37752
SAT - EVE, 4/25/2020,52969
SUN - MID, 4/26/2020,32590
SUN - EVE, 4/26/2020,30722
MON - MID, 4/27/2020,41330
MON - EVE, 4/27/2020,51614
TUE - MID, 4/28/2020,39619
TUE - EVE, 4/28/2020,51643
WED - MID, 4/29/2020,87503
WED - EVE, 4/29/2020,89438
THU - MID, 4/30/2020,32823
THU - EVE, 4/30/2020,70770
FRI - MID, 5/1/2020,81693
FRI - EVE, 5/1/2020,18314
SAT - MID, 5/2/2020,58225
SAT - EVE, 5/2/2020,88799
SUN - MID, 5/3/2020,69371
SUN - EVE, 5/3/2020,29753
MON - MID, 5/4/2020,99861
MON - EVE, 5/4/2020,46175
TUE - MID, 5/5/2020,56417
TUE - EVE, 5/5/2020,72719
WED - MID, 5/6/2020,72806
WED - EVE, 5/6/2020,92458
THU - MID, 5/7/2020,48560
THU - EVE, 5/7/2020,1167
FRI - MID, 5/8/2020,61636
FRI - EVE, 5/8/2020,44904
SAT - MID, 5/9/2020,70503
SAT - EVE, 5/9/2020,67304
SUN - MID, 5/10/2020,6649
SUN - EVE, 5/10/2020,47946
MON - MID, 5/11/2020,9313
MON - EVE, 5/11/2020,39880
TUE - MID, 5/12/2020,90020
TUE - EVE, 5/12/2020,21621
WED - MID, 5/13/2020,82144
WED - EVE, 5/13/2020,3387
THU - MID, 5/14/2020,83281
THU - EVE, 5/14/2020,41450
FRI - MID, 5/15/2020,41985
FRI - EVE, 5/15/2020,66684
SAT - MID, 5/16/2020,83506
SAT - EVE, 5/16/2020,58833
SUN - MID, 5/17/2020,71002
SUN - EVE, 5/17/2020,44725
MON - MID, 5/18/2020,42214
MON - EVE, 5/18/2020,70443
TUE - MID, 5/19/2020,62803
TUE - EVE, 5/19/2020,68839
WED - MID, 5/20/2020,65738
WED - EVE, 5/20/2020,12851
THU - MID, 5/21/2020,80129
THU - EVE, 5/21/2020,51798
FRI - MID, 5/22/2020,27639
FRI - EVE, 5/22/2020,64039
SAT - MID, 5/23/2020,19294
SAT - EVE, 5/23/2020,88010
SUN - MID, 5/24/2020,43302
SUN - EVE, 5/24/2020,12117
MON - MID, 5/25/2020,26091
MON - EVE, 5/25/2020,43997
TUE - MID, 5/26/2020,97140
TUE - EVE, 5/26/2020,39160
WED - MID, 5/27/2020,70392
WED - EVE, 5/27/2020,91140
THU - MID, 5/28/2020,38105
THU - EVE, 5/28/2020,57834
FRI - MID, 5/29/2020,7700
FRI - EVE, 5/29/2020,19947
SAT - MID, 5/30/2020,93218
SAT - EVE, 5/30/2020,4376
SUN - MID, 5/31/2020,30885
SUN - EVE, 5/31/2020,21138
MON - MID, 6/1/2020,49215
MON - EVE, 6/1/2020,43325
TUE - MID, 6/2/2020,48592
TUE - EVE, 6/2/2020,32367
WED - MID, 6/3/2020,80992
WED - EVE, 6/3/2020,82214
THU - MID, 6/4/2020,97450
THU - EVE, 6/4/2020,7554
FRI - MID, 6/5/2020,87843
FRI - EVE, 6/5/2020,16343
SAT - MID, 6/6/2020,29477
SAT - EVE, 6/6/2020,67104
SUN - MID, 6/7/2020,20337
SUN - EVE, 6/7/2020,91881
MON - MID, 6/8/2020,66261
MON - EVE, 6/8/2020,74714
TUE - MID, 6/9/2020,10345
TUE - EVE, 6/9/2020,61770
WED - MID, 6/10/2020,44713
WED - EVE, 6/10/2020,28777
THU - MID, 6/11/2020,66869
THU - EVE, 6/11/2020,92915
FRI - MID, 6/12/2020,93180
FRI - EVE, 6/12/2020,99684
SAT - MID, 6/13/2020,54016
SAT - EVE, 6/13/2020,1507
SUN - MID, 6/14/2020,61986
SUN - EVE, 6/14/2020,87711
MON - MID, 6/15/2020,70848
MON - EVE, 6/15/2020,24802
TUE - MID, 6/16/2020,62403
TUE - EVE, 6/16/2020,45989
WED - MID, 6/17/2020,53981
WED - EVE, 6/17/2020,15006
THU - MID, 6/18/2020,24571
THU - EVE, 6/18/2020,17588
FRI - MID, 6/19/2020,63241
FRI - EVE, 6/19/2020,83454
SAT - MID, 6/20/2020,44242
SAT - EVE, 6/20/2020,59869
SUN - MID, 6/21/2020,84725
SUN - EVE, 6/21/2020,91118
MON - MID, 6/22/2020,86079
MON - EVE, 6/22/2020,97543
TUE - MID, 6/23/2020,66275
TUE - EVE, 6/23/2020,58484
WED - MID, 6/24/2020,54054
WED - EVE, 6/24/2020,54751
THU - MID, 6/25/2020,26264
THU - EVE, 6/25/2020,79339
FRI - MID, 6/26/2020,36790
FRI - EVE, 6/26/2020,42240
SAT - MID, 6/27/2020,74744
SAT - EVE, 6/27/2020,75523
SUN - MID, 6/28/2020,19209
SUN - EVE, 6/28/2020,3617
MON - MID, 6/29/2020,46343
MON - EVE, 6/29/2020,5934
TUE - MID, 6/30/2020,42205
TUE - EVE, 6/30/2020,41106
WED - MID, 7/1/2020,12839
WED - EVE, 7/1/2020,90470
THU - MID, 7/2/2020,17742
THU - EVE, 7/2/2020,33156
FRI - MID, 7/3/2020,32875
FRI - EVE, 7/3/2020,66320
SAT - MID, 7/4/2020,49921
SAT - EVE, 7/4/2020,45349
SUN - MID, 7/5/2020,59546
SUN - EVE, 7/5/2020,83287
MON - MID, 7/6/2020,55182
MON - EVE, 7/6/2020,55498
TUE - MID, 7/7/2020,84970
TUE - EVE, 7/7/2020,21642
WED - MID, 7/8/2020,59719
WED - EVE, 7/8/2020,28655
THU - MID, 7/9/2020,71111
THU - EVE, 7/9/2020,27066
FRI - MID, 7/10/2020,26151
FRI - EVE, 7/10/2020,37398
SAT - MID, 7/11/2020,3202
SAT - EVE, 7/11/2020,2005
SUN - MID, 7/12/2020,58066
SUN - EVE, 7/12/2020,81229
MON - MID, 7/13/2020,13605
MON - EVE, 7/13/2020,81137
TUE - MID, 7/14/2020,19991
TUE - EVE, 7/14/2020,47662
WED - MID, 7/15/2020,69436
WED - EVE, 7/15/2020,52292
THU - MID, 7/16/2020,53445
THU - EVE, 7/16/2020,96184
FRI - MID, 7/17/2020,94873
FRI - EVE, 7/17/2020,64165
SAT - MID, 7/18/2020,7641
SAT - EVE, 7/18/2020,71040
SUN - MID, 7/19/2020,45447
SUN - EVE, 7/19/2020,85699
MON - MID, 7/20/2020,81751
MON - EVE, 7/20/2020,87246
TUE - MID, 7/21/2020,82837
TUE - EVE, 7/21/2020,87354
WED - MID, 7/22/2020,18682
WED - EVE, 7/22/2020,84662
THU - MID, 7/23/2020,45640
THU - EVE, 7/23/2020,65057
FRI - MID, 7/24/2020,62223
FRI - EVE, 7/24/2020,72243
SAT - MID, 7/25/2020,38210
SAT - EVE, 7/25/2020,14416
SUN - MID, 7/26/2020,76521
SUN - EVE, 7/26/2020,67910
MON - MID, 7/27/2020,35372
MON - EVE, 7/27/2020,98600
TUE - MID, 7/28/2020,20055
TUE - EVE, 7/28/2020,12129
WED - MID, 7/29/2020,6822
WED - EVE, 7/29/2020,80775
THU - MID, 7/30/2020,65339
THU - EVE, 7/30/2020,67725
FRI - MID, 7/31/2020,25265
FRI - EVE, 7/31/2020,16423
SAT - MID, 8/1/2020,9607
SAT - EVE, 8/1/2020,48335
SUN - MID, 8/2/2020,66150
SUN - EVE, 8/2/2020,6690
MON - MID, 8/3/2020,70589
MON - EVE, 8/3/2020,82271
TUE - MID, 8/4/2020,90936
TUE - EVE, 8/4/2020,9739
WED - MID, 8/5/2020,21930
WED - EVE, 8/5/2020,24118
THU - MID, 8/6/2020,41122
THU - EVE, 8/6/2020,27366
FRI - MID, 8/7/2020,55462
FRI - EVE, 8/7/2020,98157
SAT - MID, 8/8/2020,94902
SAT - EVE, 8/8/2020,56097
SUN - MID, 8/9/2020,14701
SUN - EVE, 8/9/2020,70217
MON - MID, 8/10/2020,41006
MON - EVE, 8/10/2020,32345
TUE - MID, 8/11/2020,53069
TUE - EVE, 8/11/2020,66938
WED - MID, 8/12/2020,70128
WED - EVE, 8/12/2020,6184
THU - MID, 8/13/2020,68365
THU - EVE, 8/13/2020,83451
FRI - MID, 8/14/2020,94818
FRI - EVE, 8/14/2020,57994
SAT - MID, 8/15/2020,32698
SAT - EVE, 8/15/2020,26070
SUN - MID, 8/16/2020,81496
SUN - EVE, 8/16/2020,84357
MON - MID, 8/17/2020,29126
MON - EVE, 8/17/2020,18969
TUE - MID, 8/18/2020,84528
TUE - EVE, 8/18/2020,21773
WED - MID, 8/19/2020,69974
WED - EVE, 8/19/2020,87644
THU - MID, 8/20/2020,96998
THU - EVE, 8/20/2020,31332
FRI - MID, 8/21/2020,73561
FRI - EVE, 8/21/2020,43946
SAT - MID, 8/22/2020,65643
SAT - EVE, 8/22/2020,55085
SUN - MID, 8/23/2020,58532
SUN - EVE, 8/23/2020,48254
MON - MID, 8/24/2020,7504
MON - EVE, 8/24/2020,90024
TUE - MID, 8/25/2020,53922
TUE - EVE, 8/25/2020,92226
WED - MID, 8/26/2020,18215
WED - EVE, 8/26/2020,84385
THU - MID, 8/27/2020,61784
THU - EVE, 8/27/2020,26578
FRI - MID, 8/28/2020,45638
FRI - EVE, 8/28/2020,54398
SAT - MID, 8/29/2020,59904
SAT - EVE, 8/29/2020,58451
SUN - MID, 8/30/2020,62055
SUN - EVE, 8/30/2020,42394
MON - MID, 8/31/2020,50080
MON - EVE, 8/31/2020,269
TUE - MID, 9/1/2020,4799
TUE - EVE, 9/1/2020,69575
WED - MID, 9/2/2020,78983
WED - EVE, 9/2/2020,19633
THU - MID, 9/3/2020,23039
THU - EVE, 9/3/2020,42470
FRI - MID, 9/4/2020,18958
FRI - EVE, 9/4/2020,14183
SAT - MID, 9/5/2020,54425
SAT - EVE, 9/5/2020,76849
SUN - MID, 9/6/2020,76611
SUN - EVE, 9/6/2020,46650
MON - MID, 9/7/2020,21789
MON - EVE, 9/7/2020,27580
TUE - MID, 9/8/2020,28122
TUE - EVE, 9/8/2020,62790
WED - MID, 9/9/2020,29108
WED - EVE, 9/9/2020,78636
THU - MID, 9/10/2020,89479
THU - EVE, 9/10/2020,92947
FRI - MID, 9/11/2020,22430
FRI - EVE, 9/11/2020,17101
SAT - MID, 9/12/2020,44166
SAT - EVE, 9/12/2020,68895
SUN - MID, 9/13/2020,91208
SUN - EVE, 9/13/2020,60083
MON - MID, 9/14/2020,19728
MON - EVE, 9/14/2020,92579
TUE - MID, 9/15/2020,93401
TUE - EVE, 9/15/2020,69016
WED - MID, 9/16/2020,55582
WED - EVE, 9/16/2020,92649
THU - MID, 9/17/2020,67370
THU - EVE, 9/17/2020,77024
FRI - MID, 9/18/2020,39028
FRI - EVE, 9/18/2020,14901
SAT - MID, 9/19/2020,72735
SAT - EVE, 9/19/2020,76412
SUN - MID, 9/20/2020,35849
SUN - EVE, 9/20/2020,20494
MON - MID, 9/21/2020,70098
MON - EVE, 9/21/2020,238
TUE - MID, 9/22/2020,64118
TUE - EVE, 9/22/2020,80347
WED - MID, 9/23/2020,95601
WED - EVE, 9/23/2020,79796
THU - MID, 9/24/2020,17493
THU - EVE, 9/24/2020,71724
FRI - MID, 9/25/2020,54689
FRI - EVE, 9/25/2020,29604
SAT - MID, 9/26/2020,18972
SAT - EVE, 9/26/2020,93363
SUN - MID, 9/27/2020,55146
SUN - EVE, 9/27/2020,19110
MON - MID, 9/28/2020,94771
MON - EVE, 9/28/2020,3534
TUE - MID, 9/29/2020,80077
TUE - EVE, 9/29/2020,21606
WED - MID, 9/30/2020,50800
WED - EVE, 9/30/2020,85487
THU - MID, 10/1/2020,27124
THU - EVE, 10/1/2020,52912
FRI - MID, 10/2/2020,12363
FRI - EVE, 10/2/2020,31244
SAT - MID, 10/3/2020,22636
SAT - EVE, 10/3/2020,97497
SUN - MID, 10/4/2020,44953
SUN - EVE, 10/4/2020,24707
MON - MID, 10/5/2020,46724
MON - EVE, 10/5/2020,64965
TUE - MID, 10/6/2020,62802
TUE - EVE, 10/6/2020,80246
WED - MID, 10/7/2020,16373
WED - EVE, 10/7/2020,40325
THU - MID, 10/8/2020,75573
THU - EVE, 10/8/2020,26265
FRI - MID, 10/9/2020,53163
FRI - EVE, 10/9/2020,81563
SAT - MID, 10/10/2020,76207
SAT - EVE, 10/10/2020,84871
SUN - MID, 10/11/2020,29218
SUN - EVE, 10/11/2020,17357
MON - MID, 10/12/2020,9437
MON - EVE, 10/12/2020,92167
TUE - MID, 10/13/2020,70378
TUE - EVE, 10/13/2020,10704
WED - MID, 10/14/2020,13862
WED - EVE, 10/14/2020,77881
THU - MID, 10/15/2020,40234
THU - EVE, 10/15/2020,11921
FRI - MID, 10/16/2020,85006
FRI - EVE, 10/16/2020,234
SAT - MID, 10/17/2020,79854
SAT - EVE, 10/17/2020,48004
SUN - MID, 10/18/2020,35481
SUN - EVE, 10/18/2020,58721
MON - MID, 10/19/2020,91009
MON - EVE, 10/19/2020,18753
TUE - MID, 10/20/2020,94603
TUE - EVE, 10/20/2020,60962
WED - MID, 10/21/2020,24826
WED - EVE, 10/21/2020,11673
THU - MID, 10/22/2020,32346
THU - EVE, 10/22/2020,70249
FRI - MID, 10/23/2020,42150
FRI - EVE, 10/23/2020,56904
SAT - MID, 10/24/2020,84646
SAT - EVE, 10/24/2020,13708
SUN - MID, 10/25/2020,62969
SUN - EVE, 10/25/2020,41470
MON - MID, 10/26/2020,67838
MON - EVE, 10/26/2020,35301
TUE - MID, 10/27/2020,91122
TUE - EVE, 10/27/2020,12613
WED - MID, 10/28/2020,21320
WED - EVE, 10/28/2020,23920
THU - MID, 10/29/2020,69359
THU - EVE, 10/29/2020,50239
FRI - MID, 10/30/2020,58186
FRI - EVE, 10/30/2020,11460
SAT - MID, 10/31/2020,6609
SAT - EVE, 10/31/2020,86414
SUN - MID, 11/1/2020,25579
SUN - EVE, 11/1/2020,47624
MON - MID, 11/2/2020,80973
MON - EVE, 11/2/2020,3342
TUE - MID, 11/3/2020,85635
TUE - EVE, 11/3/2020,61845
WED - MID, 11/4/2020,71545
WED - EVE, 11/4/2020,42367
THU - MID, 11/5/2020,90051
THU - EVE, 11/5/2020,28707
FRI - MID, 11/6/2020,91177
FRI - EVE, 11/6/2020,45854
SAT - MID, 11/7/2020,20096
SAT - EVE, 11/7/2020,78357
SUN - MID, 11/8/2020,58995
SUN - EVE, 11/8/2020,98256
MON - MID, 11/9/2020,62070
MON - EVE, 11/9/2020,6403
TUE - MID, 11/10/2020,58123
TUE - EVE, 11/10/2020,45955
WED - MID, 11/11/2020,55061
WED - EVE, 11/11/2020,98366
THU - MID, 11/12/2020,59876
THU - EVE, 11/12/2020,76795
FRI - MID, 11/13/2020,53925
FRI - EVE, 11/13/2020,87645
SAT - MID, 11/14/2020,84844
SAT - EVE, 11/14/2020,96441
SUN - MID, 11/15/2020,82087
SUN - EVE, 11/15/2020,38307
MON - MID, 11/16/2020,63738
MON - EVE, 11/16/2020,33655
TUE - MID, 11/17/2020,73711
TUE - EVE, 11/17/2020,86184
WED - MID, 11/18/2020,48802
WED - EVE, 11/18/2020,72256
THU - MID, 11/19/2020,86008
THU - EVE, 11/19/2020,77294
FRI - MID, 11/20/2020,54674
FRI - EVE, 11/20/2020,98132
SAT - MID, 11/21/2020,44836
SAT - EVE, 11/21/2020,73008
SUN - MID, 11/22/2020,5711
SUN - EVE, 11/22/2020,18570
MON - MID, 11/23/2020,2781
MON - EVE, 11/23/2020,44967
TUE - MID, 11/24/2020,97074
TUE - EVE, 11/24/2020,218
WED - MID, 11/25/2020,63390
WED - EVE, 11/25/2020,30982
THU - MID, 11/26/2020,7241
THU - EVE, 11/26/2020,87910
FRI - MID, 11/27/2020,35790
FRI - EVE, 11/27/2020,33467
SAT - MID, 11/28/2020,79166
SAT - EVE, 11/28/2020,72434
SUN - MID, 11/29/2020,57689
SUN - EVE, 11/29/2020,78529
MON - MID, 11/30/2020,52183
MON - EVE, 11/30/2020,69354
TUE - MID, 12/1/2020,6724
TUE - EVE, 12/1/2020,47418
WED - MID, 12/2/2020,46279
WED - EVE, 12/2/2020,94836
THU - MID, 12/3/2020,64402
THU - EVE, 12/3/2020,41434
FRI - MID, 12/4/2020,52671
FRI - EVE, 12/4/2020,92995
SAT - MID, 12/5/2020,14759
SAT - EVE, 12/5/2020,66586
SUN - MID, 12/6/2020,5655
SUN - EVE, 12/6/2020,55369
MON - MID, 12/7/2020,1453
MON - EVE, 12/7/2020,56190
TUE - MID, 12/8/2020,26264
TUE - EVE, 12/8/2020,18496
WED - MID, 12/9/2020,78946
WED - EVE, 12/9/2020,28308
THU - MID, 12/10/2020,12171
THU - EVE, 12/10/2020,74386
FRI - MID, 12/11/2020,47159
FRI - EVE, 12/11/2020,5375
SAT - MID, 12/12/2020,44991
SAT - EVE, 12/12/2020,7606
SUN - MID, 12/13/2020,86744
SUN - EVE, 12/13/2020,84273
MON - MID, 12/14/2020,48402
MON - EVE, 12/14/2020,99348
TUE - MID, 12/15/2020,99936
TUE - EVE, 12/15/2020,28498
WED - MID, 12/16/2020,68952
WED - EVE, 12/16/2020,85028
THU - MID, 12/17/2020,72223
THU - EVE, 12/17/2020,18777
FRI - MID, 12/18/2020,32030
FRI - EVE, 12/18/2020,93639
SAT - MID, 12/19/2020,9114
SAT - EVE, 12/19/2020,20335
SUN - MID, 12/20/2020,428
SUN - EVE, 12/20/2020,52152
MON - MID, 12/21/2020,33672
MON - EVE, 12/21/2020,62430
TUE - MID, 12/22/2020,700
TUE - EVE, 12/22/2020,87622
WED - MID, 12/23/2020,3404
WED - EVE, 12/23/2020,6467
THU - MID, 12/24/2020,31543
THU - EVE, 12/24/2020,74171
FRI - MID, 12/25/2020,85168
FRI - EVE, 12/25/2020,40828
SAT - MID, 12/26/2020,2513
SAT - EVE, 12/26/2020,85711
SUN - MID, 12/27/2020,58071
SUN - EVE, 12/27/2020,64803
MON - MID, 12/28/2020,39687
MON - EVE, 12/28/2020,81022
TUE - MID, 12/29/2020,19333
TUE - EVE, 12/29/2020,33033
WED - MID, 12/30/2020,94453
WED - EVE, 12/30/2020,65437
THU - MID, 12/31/2020,70411
THU - EVE, 12/31/2020,50898
FRI - MID, 1/1/2021,19478
FRI - EVE, 1/1/2021,3479
SAT - MID, 1/2/2021,68312
SAT - EVE, 1/2/2021,23417
SUN - MID, 1/3/2021,64559
SUN - EVE, 1/3/2021,79382
MON - MID, 1/4/2021,17398
MON - EVE, 1/4/2021,41404
TUE - MID, 1/5/2021,45290
TUE - EVE, 1/5/2021,72036
WED - MID, 1/6/2021,55316
WED - EVE, 1/6/2021,35846
THU - MID, 1/7/2021,40494
THU - EVE, 1/7/2021,55447
FRI - MID, 1/8/2021,12802
FRI - EVE, 1/8/2021,52626
SAT - MID, 1/9/2021,75758
SAT - EVE, 1/9/2021,86340
SUN - MID, 1/10/2021,39198
SUN - EVE, 1/10/2021,63161
MON - MID, 1/11/2021,39371
MON - EVE, 1/11/2021,12486
TUE - MID, 1/12/2021,23945
TUE - EVE, 1/12/2021,90941
WED - MID, 1/13/2021,53827
WED - EVE, 1/13/2021,46725
THU - MID, 1/14/2021,25276
THU - EVE, 1/14/2021,18938
FRI - MID, 1/15/2021,60867
FRI - EVE, 1/15/2021,33108
SAT - MID, 1/16/2021,54876
SAT - EVE, 1/16/2021,57800
SUN - MID, 1/17/2021,81898
SUN - EVE, 1/17/2021,51633
MON - MID, 1/18/2021,54993
MON - EVE, 1/18/2021,71777
TUE - MID, 1/19/2021,87749
TUE - EVE, 1/19/2021,68571
WED - MID, 1/20/2021,54423
WED - EVE, 1/20/2021,93088
THU - MID, 1/21/2021,48403
THU - EVE, 1/21/2021,26608
FRI - MID, 1/22/2021,76832
FRI - EVE, 1/22/2021,55571
SAT - MID, 1/23/2021,64774
SAT - EVE, 1/23/2021,18277
SUN - MID, 1/24/2021,71770
SUN - EVE, 1/24/2021,98746
MON - MID, 1/25/2021,10486
MON - EVE, 1/25/2021,75811
TUE - MID, 1/26/2021,30985
TUE - EVE, 1/26/2021,59176
WED - MID, 1/27/2021,24215
WED - EVE, 1/27/2021,90806
THU - MID, 1/28/2021,94290
THU - EVE, 1/28/2021,73831
FRI - MID, 1/29/2021,20524
FRI - EVE, 1/29/2021,89441
SAT - MID, 1/30/2021,6464
SAT - EVE, 1/30/2021,8232
SUN - MID, 1/31/2021,84786
SUN - EVE, 1/31/2021,9657
MON - MID, 2/1/2021,48820
MON - EVE, 2/1/2021,64562
TUE - MID, 2/2/2021,62084
TUE - EVE, 2/2/2021,40189
WED - MID, 2/3/2021,26979
WED - EVE, 2/3/2021,89186
THU - MID, 2/4/2021,44558
THU - EVE, 2/4/2021,85530
FRI - MID, 2/5/2021,78259
FRI - EVE, 2/5/2021,69653
SAT - MID, 2/6/2021,88712
SAT - EVE, 2/6/2021,85704
SUN - MID, 2/7/2021,70515
SUN - EVE, 2/7/2021,54883
MON - MID, 2/8/2021,967
MON - EVE, 2/8/2021,27333
TUE - MID, 2/9/2021,79399
TUE - EVE, 2/9/2021,19765
WED - MID, 2/10/2021,86415
WED - EVE, 2/10/2021,7461
THU - MID, 2/11/2021,72245
THU - EVE, 2/11/2021,60814
FRI - MID, 2/12/2021,67298
FRI - EVE, 2/12/2021,5491
SAT - MID, 2/13/2021,53559
SAT - EVE, 2/13/2021,57382
SUN - MID, 2/14/2021,7803
SUN - EVE, 2/14/2021,54429
MON - MID, 2/15/2021,72219
MON - EVE, 2/15/2021,97666
TUE - MID, 2/16/2021,68805
TUE - EVE, 2/16/2021,77633
WED - MID, 2/17/2021,3639
WED - EVE, 2/17/2021,235
THU - MID, 2/18/2021,5580
THU - EVE, 2/18/2021,18828
FRI - MID, 2/19/2021,35624
FRI - EVE, 2/19/2021,79894
SAT - MID, 2/20/2021,46318
SAT - EVE, 2/20/2021,22923
SUN - MID, 2/21/2021,99214
SUN - EVE, 2/21/2021,58921
MON - MID, 2/22/2021,84307
MON - EVE, 2/22/2021,46141
TUE - MID, 2/23/2021,21607
TUE - EVE, 2/23/2021,89301
WED - MID, 2/24/2021,11301
WED - EVE, 2/24/2021,55348
THU - MID, 2/25/2021,76950
THU - EVE, 2/25/2021,80398
FRI - MID, 2/26/2021,67577
FRI - EVE, 2/26/2021,52253
SAT - MID, 2/27/2021,84806
SAT - EVE, 2/27/2021,12560
SUN - MID, 2/28/2021,22596
SUN - EVE, 2/28/2021,53649
MON - MID, 3/1/2021,74006
MON - EVE, 3/1/2021,78009
TUE - MID, 3/2/2021,59384
TUE - EVE, 3/2/2021,19784
WED - MID, 3/3/2021,52786
WED - EVE, 3/3/2021,64936
THU - MID, 3/4/2021,79188
THU - EVE, 3/4/2021,66754
FRI - MID, 3/5/2021,96716
FRI - EVE, 3/5/2021,32579
SAT - MID, 3/6/2021,3491
SAT - EVE, 3/6/2021,87704
SUN - MID, 3/7/2021,90633
SUN - EVE, 3/7/2021,87007
MON - MID, 3/8/2021,63495
MON - EVE, 3/8/2021,21715
TUE - MID, 3/9/2021,76754
TUE - EVE, 3/9/2021,9678
WED - MID, 3/10/2021,70734
WED - EVE, 3/10/2021,73673
THU - MID, 3/11/2021,93698
THU - EVE, 3/11/2021,24743
FRI - MID, 3/12/2021,87131
FRI - EVE, 3/12/2021,54943
SAT - MID, 3/13/2021,70734
SAT - EVE, 3/13/2021,27410
SUN - MID, 3/14/2021,40173
SUN - EVE, 3/14/2021,49086
MON - MID, 3/15/2021,31970
MON - EVE, 3/15/2021,4525
TUE - MID, 3/16/2021,93897
TUE - EVE, 3/16/2021,67428
WED - MID, 3/17/2021,37883
WED - EVE, 3/17/2021,26125
THU - MID, 3/18/2021,87243
THU - EVE, 3/18/2021,64455
FRI - MID, 3/19/2021,92716
FRI - EVE, 3/19/2021,49958
SAT - MID, 3/20/2021,76536
SAT - EVE, 3/20/2021,10414
SUN - MID, 3/21/2021,2689
SUN - EVE, 3/21/2021,16071
MON - MID, 3/22/2021,4193
MON - EVE, 3/22/2021,49793
TUE - MID, 3/23/2021,80409
TUE - EVE, 3/23/2021,89539
WED - MID, 3/24/2021,10744
WED - EVE, 3/24/2021,82008
THU - MID, 3/25/2021,26681
THU - EVE, 3/25/2021,29905
FRI - MID, 3/26/2021,70217
FRI - EVE, 3/26/2021,75484
SAT - MID, 3/27/2021,15927
SAT - EVE, 3/27/2021,18932
SUN - MID, 3/28/2021,8619
SUN - EVE, 3/28/2021,85462
MON - MID, 3/29/2021,73259
MON - EVE, 3/29/2021,13331
TUE - MID, 3/30/2021,49077
TUE - EVE, 3/30/2021,9770
WED - MID, 3/31/2021,89759
WED - EVE, 3/31/2021,82520
THU - MID, 4/1/2021,84834
THU - EVE, 4/1/2021,8920
FRI - MID, 4/2/2021,90390
FRI - EVE, 4/2/2021,89609
SAT - MID, 4/3/2021,60785
SAT - EVE, 4/3/2021,11298
SUN - MID, 4/4/2021,78625
SUN - EVE, 4/4/2021,4439
MON - MID, 4/5/2021,37257
MON - EVE, 4/5/2021,24501
TUE - MID, 4/6/2021,68428
TUE - EVE, 4/6/2021,74825
WED - MID, 4/7/2021,83200
WED - EVE, 4/7/2021,645
THU - MID, 4/8/2021,56016
THU - EVE, 4/8/2021,92078
FRI - MID, 4/9/2021,55845
FRI - EVE, 4/9/2021,53230
SAT - MID, 4/10/2021,86057
SAT - EVE, 4/10/2021,98981
SUN - MID, 4/11/2021,71904
SUN - EVE, 4/11/2021,59213
MON - MID, 4/12/2021,7971
MON - EVE, 4/12/2021,85374
TUE - MID, 4/13/2021,59263
TUE - EVE, 4/13/2021,44880
WED - MID, 4/14/2021,25637
WED - EVE, 4/14/2021,40021
THU - MID, 4/15/2021,74359
THU - EVE, 4/15/2021,72072
FRI - MID, 4/16/2021,19022
FRI - EVE, 4/16/2021,21026
SAT - MID, 4/17/2021,6222
SAT - EVE, 4/17/2021,65133
SUN - MID, 4/18/2021,27035
SUN - EVE, 4/18/2021,43809
MON - MID, 4/19/2021,21202
MON - EVE, 4/19/2021,24087
TUE - MID, 4/20/2021,88229
TUE - EVE, 4/20/2021,36535
WED - MID, 4/21/2021,32665
WED - EVE, 4/21/2021,91019
THU - MID, 4/22/2021,20993
THU - EVE, 4/22/2021,64862
FRI - MID, 4/23/2021,13019
FRI - EVE, 4/23/2021,60801
SAT - MID, 4/24/2021,35229
SAT - EVE, 4/24/2021,891
SUN - MID, 4/25/2021,94069
SUN - EVE, 4/25/2021,53044
MON - MID, 4/26/2021,88178
MON - EVE, 4/26/2021,33162
TUE - MID, 4/27/2021,47250
TUE - EVE, 4/27/2021,99377
WED - MID, 4/28/2021,24095
WED - EVE, 4/28/2021,61939
THU - MID, 4/29/2021,94053
THU - EVE, 4/29/2021,4368
FRI - MID, 4/30/2021,1051
FRI - EVE, 4/30/2021,48585
SAT - MID, 5/1/2021,8683
SAT - EVE, 5/1/2021,4027
SUN - MID, 5/2/2021,60912
SUN - EVE, 5/2/2021,66368
MON - MID, 5/3/2021,82913
MON - EVE, 5/3/2021,46669
TUE - MID, 5/4/2021,76032
TUE - EVE, 5/4/2021,49363
WED - MID, 5/5/2021,36683
WED - EVE, 5/5/2021,27065
THU - MID, 5/6/2021,90295
THU - EVE, 5/6/2021,65692
FRI - MID, 5/7/2021,75364
FRI - EVE, 5/7/2021,14581
SAT - MID, 5/8/2021,58039
SAT - EVE, 5/8/2021,8274
SUN - MID, 5/9/2021,65081
SUN - EVE, 5/9/2021,12358
MON - MID, 5/10/2021,82822
MON - EVE, 5/10/2021,64434
TUE - MID, 5/11/2021,7232
TUE - EVE, 5/11/2021,39569
WED - MID, 5/12/2021,71998
WED - EVE, 5/12/2021,58982
THU - MID, 5/13/2021,21089
THU - EVE, 5/13/2021,75505
FRI - MID, 5/14/2021,94158
FRI - EVE, 5/14/2021,37
SAT - MID, 5/15/2021,63349
SAT - EVE, 5/15/2021,97178
SUN - MID, 5/16/2021,8740
SUN - EVE, 5/16/2021,31999
MON - MID, 5/17/2021,18804
MON - EVE, 5/17/2021,47097
TUE - MID, 5/18/2021,72100
TUE - EVE, 5/18/2021,82956
WED - MID, 5/19/2021,65335
WED - EVE, 5/19/2021,21634
THU - MID, 5/20/2021,6721
THU - EVE, 5/20/2021,6829
FRI - MID, 5/21/2021,20277
FRI - EVE, 5/21/2021,64531
SAT - MID, 5/22/2021,18964
SAT - EVE, 5/22/2021,22304
SUN - MID, 5/23/2021,94830
SUN - EVE, 5/23/2021,27673
MON - MID, 5/24/2021,35893
MON - EVE, 5/24/2021,63187
TUE - MID, 5/25/2021,98535
TUE - EVE, 5/25/2021,33363
WED - MID, 5/26/2021,59917
WED - EVE, 5/26/2021,21696
THU - MID, 5/27/2021,87659
THU - EVE, 5/27/2021,50730
FRI - MID, 5/28/2021,97953
FRI - EVE, 5/28/2021,41436
SAT - MID, 5/29/2021,97129
SAT - EVE, 5/29/2021,70632
SUN - MID, 5/30/2021,85726
SUN - EVE, 5/30/2021,6678
MON - MID, 5/31/2021,60744
MON - EVE, 5/31/2021,34899
TUE - MID, 6/1/2021,18225
TUE - EVE, 6/1/2021,12095
WED - MID, 6/2/2021,20268
WED - EVE, 6/2/2021,50560
THU - MID, 6/3/2021,30464
THU - EVE, 6/3/2021,528
FRI - MID, 6/4/2021,18244
FRI - EVE, 6/4/2021,26286
SAT - MID, 6/5/2021,72839
SAT - EVE, 6/5/2021,23430
SUN - MID, 6/6/2021,99263
SUN - EVE, 6/6/2021,5637
MON - MID, 6/7/2021,43135
MON - EVE, 6/7/2021,7721
TUE - MID, 6/8/2021,49056
TUE - EVE, 6/8/2021,96171
WED - MID, 6/9/2021,51270
WED - EVE, 6/9/2021,97479
THU - MID, 6/10/2021,14317
THU - EVE, 6/10/2021,1682
FRI - MID, 6/11/2021,63129
FRI - EVE, 6/11/2021,6907
SAT - MID, 6/12/2021,93744
SAT - EVE, 6/12/2021,95716
SUN - MID, 6/13/2021,42410
SUN - EVE, 6/13/2021,62918
MON - MID, 6/14/2021,97328
MON - EVE, 6/14/2021,14471
TUE - MID, 6/15/2021,6
TUE - EVE, 6/15/2021,25035
WED - MID, 6/16/2021,1574
WED - EVE, 6/16/2021,92829
THU - MID, 6/17/2021,9429
THU - EVE, 6/17/2021,29763
FRI - MID, 6/18/2021,87738
FRI - EVE, 6/18/2021,22199
SAT - MID, 6/19/2021,50913
SAT - EVE, 6/19/2021,23298
SUN - MID, 6/20/2021,76895
SUN - EVE, 6/20/2021,3088
MON - MID, 6/21/2021,80375
MON - EVE, 6/21/2021,38046
TUE - MID, 6/22/2021,96017
TUE - EVE, 6/22/2021,12840
WED - MID, 6/23/2021,59109
WED - EVE, 6/23/2021,69651
THU - MID, 6/24/2021,29721
THU - EVE, 6/24/2021,65389
FRI - MID, 6/25/2021,33518
FRI - EVE, 6/25/2021,4028
SAT - MID, 6/26/2021,92118
SAT - EVE, 6/26/2021,34820
SUN - MID, 6/27/2021,80421
SUN - EVE, 6/27/2021,65492
MON - MID, 6/28/2021,71434
MON - EVE, 6/28/2021,89039
TUE - MID, 6/29/2021,68315
TUE - EVE, 6/29/2021,35493
WED - MID, 6/30/2021,30066
WED - EVE, 6/30/2021,77324
THU - MID, 7/1/2021,86439
THU - EVE, 7/1/2021,16106
FRI - MID, 7/2/2021,93159
FRI - EVE, 7/2/2021,29311
SAT - MID, 7/3/2021,98487
SAT - EVE, 7/3/2021,49028
SUN - MID, 7/4/2021,3408
SUN - EVE, 7/4/2021,23542
MON - MID, 7/5/2021,51189
MON - EVE, 7/5/2021,11016
TUE - MID, 7/6/2021,67576
TUE - EVE, 7/6/2021,20972
WED - MID, 7/7/2021,76945
WED - EVE, 7/7/2021,86375
THU - MID, 7/8/2021,97596
THU - EVE, 7/8/2021,2569
FRI - MID, 7/9/2021,46804
FRI - EVE, 7/9/2021,83512
SAT - MID, 7/10/2021,42527
SAT - EVE, 7/10/2021,31174
SUN - MID, 7/11/2021,958
SUN - EVE, 7/11/2021,43495
MON - MID, 7/12/2021,67017
MON - EVE, 7/12/2021,88557
TUE - MID, 7/13/2021,14872
TUE - EVE, 7/13/2021,75410
WED - MID, 7/14/2021,39843
WED - EVE, 7/14/2021,79569
THU - MID, 7/15/2021,87199
THU - EVE, 7/15/2021,62903
FRI - MID, 7/16/2021,74379
FRI - EVE, 7/16/2021,64114
SAT - MID, 7/17/2021,36964
SAT - EVE, 7/17/2021,48653
SUN - MID, 7/18/2021,5213
SUN - EVE, 7/18/2021,64404
MON - MID, 7/19/2021,81486
MON - EVE, 7/19/2021,52337
TUE - MID, 7/20/2021,61324
TUE - EVE, 7/20/2021,51983
WED - MID, 7/21/2021,50765
WED - EVE, 7/21/2021,65332
THU - MID, 7/22/2021,50833
THU - EVE, 7/22/2021,88075
FRI - MID, 7/23/2021,82852
FRI - EVE, 7/23/2021,59345
SAT - MID, 7/24/2021,44013
SAT - EVE, 7/24/2021,65154
SUN - MID, 7/25/2021,47041
SUN - EVE, 7/25/2021,29690
MON - MID, 7/26/2021,5440
MON - EVE, 7/26/2021,48380
TUE - MID, 7/27/2021,26112
TUE - EVE, 7/27/2021,20341
WED - MID, 7/28/2021,38034
WED - EVE, 7/28/2021,5817
THU - MID, 7/29/2021,89003
THU - EVE, 7/29/2021,73531
FRI - MID, 7/30/2021,5156
FRI - EVE, 7/30/2021,4329
SAT - MID, 7/31/2021,32546
SAT - EVE, 7/31/2021,84606
SUN - MID, 8/1/2021,1941
SUN - EVE, 8/1/2021,72818
MON - MID, 8/2/2021,1507
MON - EVE, 8/2/2021,53059
TUE - MID, 8/3/2021,61844
TUE - EVE, 8/3/2021,20866
WED - MID, 8/4/2021,65822
WED - EVE, 8/4/2021,88738
THU - MID, 8/5/2021,64618
THU - EVE, 8/5/2021,54461
FRI - MID, 8/6/2021,68456
FRI - EVE, 8/6/2021,79085
SAT - MID, 8/7/2021,33262
SAT - EVE, 8/7/2021,61501
SUN - MID, 8/8/2021,11552
SUN - EVE, 8/8/2021,71436
MON - MID, 8/9/2021,93171
MON - EVE, 8/9/2021,24032
TUE - MID, 8/10/2021,69262
TUE - EVE, 8/10/2021,85651
WED - MID, 8/11/2021,14628
WED - EVE, 8/11/2021,29614
THU - MID, 8/12/2021,36832
THU - EVE, 8/12/2021,84332
FRI - MID, 8/13/2021,82211
FRI - EVE, 8/13/2021,57990
SAT - MID, 8/14/2021,42152
SAT - EVE, 8/14/2021,61716
SUN - MID, 8/15/2021,4314
SUN - EVE, 8/15/2021,42153
MON - MID, 8/16/2021,49885
MON - EVE, 8/16/2021,71103
TUE - MID, 8/17/2021,27354
TUE - EVE, 8/17/2021,60288
WED - MID, 8/18/2021,55325
WED - EVE, 8/18/2021,65083
THU - MID, 8/19/2021,26030
THU - EVE, 8/19/2021,96496
FRI - MID, 8/20/2021,8978
FRI - EVE, 8/20/2021,28687
SAT - MID, 8/21/2021,47303
SAT - EVE, 8/21/2021,32099
SUN - MID, 8/22/2021,53951
SUN - EVE, 8/22/2021,3581
MON - MID, 8/23/2021,18017
MON - EVE, 8/23/2021,47318
TUE - MID, 8/24/2021,34826
TUE - EVE, 8/24/2021,55109
WED - MID, 8/25/2021,69979
WED - EVE, 8/25/2021,59882
THU - MID, 8/26/2021,15518
THU - EVE, 8/26/2021,14446
FRI - MID, 8/27/2021,59003
FRI - EVE, 8/27/2021,75622
SAT - MID, 8/28/2021,12706
SAT - EVE, 8/28/2021,98728
SUN - MID, 8/29/2021,66893
SUN - EVE, 8/29/2021,71820
MON - MID, 8/30/2021,85618
MON - EVE, 8/30/2021,28806
TUE - MID, 8/31/2021,41876
TUE - EVE, 8/31/2021,70073
WED - MID, 9/1/2021,9275
WED - EVE, 9/1/2021,8832
THU - MID, 9/2/2021,9457
THU - EVE, 9/2/2021,71247
FRI - MID, 9/3/2021,18568
FRI - EVE, 9/3/2021,49320
SAT - MID, 9/4/2021,48758
SAT - EVE, 9/4/2021,49526
SUN - MID, 9/5/2021,69608
SUN - EVE, 9/5/2021,22536
MON - MID, 9/6/2021,13749
MON - EVE, 9/6/2021,75984
TUE - MID, 9/7/2021,40951
TUE - EVE, 9/7/2021,15007
WED - MID, 9/8/2021,52008
WED - EVE, 9/8/2021,26846
THU - MID, 9/9/2021,45772
THU - EVE, 9/9/2021,33429
FRI - MID, 9/10/2021,10575
FRI - EVE, 9/10/2021,89444
SAT - MID, 9/11/2021,68992
SAT - EVE, 9/11/2021,65737
SUN - MID, 9/12/2021,1447
SUN - EVE, 9/12/2021,90578
MON - MID, 9/13/2021,79662
MON - EVE, 9/13/2021,97000
TUE - MID, 9/14/2021,22888
TUE - EVE, 9/14/2021,16964
WED - MID, 9/15/2021,63062
WED - EVE, 9/15/2021,91356
THU - MID, 9/16/2021,28209
THU - EVE, 9/16/2021,92072
FRI - MID, 9/17/2021,8327
FRI - EVE, 9/17/2021,81239
SAT - MID, 9/18/2021,10277
SAT - EVE, 9/18/2021,53373
SUN - MID, 9/19/2021,87673
SUN - EVE, 9/19/2021,63710
MON - MID, 9/20/2021,17140
MON - EVE, 9/20/2021,11969
TUE - MID, 9/21/2021,83373
TUE - EVE, 9/21/2021,32512
WED - MID, 9/22/2021,11166
WED - EVE, 9/22/2021,90473
THU - MID, 9/23/2021,87454
THU - EVE, 9/23/2021,722
FRI - MID, 9/24/2021,84852
FRI - EVE, 9/24/2021,71281
SAT - MID, 9/25/2021,68421
SAT - EVE, 9/25/2021,39482
SUN - MID, 9/26/2021,10064
SUN - EVE, 9/26/2021,65468
MON - MID, 9/27/2021,76294
MON - EVE, 9/27/2021,13052
TUE - MID, 9/28/2021,12654
TUE - EVE, 9/28/2021,62153
WED - MID, 9/29/2021,5361
WED - EVE, 9/29/2021,81158
THU - MID, 9/30/2021,91874
THU - EVE, 9/30/2021,41497
FRI - MID, 10/1/2021,65575
FRI - EVE, 10/1/2021,51141
SAT - MID, 10/2/2021,15436
SAT - EVE, 10/2/2021,36818
SUN - MID, 10/3/2021,6739
SUN - EVE, 10/3/2021,80989
MON - MID, 10/4/2021,80644
MON - EVE, 10/4/2021,36157
TUE - MID, 10/5/2021,51508
TUE - EVE, 10/5/2021,32604
WED - MID, 10/6/2021,13147
WED - EVE, 10/6/2021,42316
THU - MID, 10/7/2021,92275
THU - EVE, 10/7/2021,49814
FRI - MID, 10/8/2021,24523
FRI - EVE, 10/8/2021,57178
SAT - MID, 10/9/2021,76284
SAT - EVE, 10/9/2021,75068
SUN - MID, 10/10/2021,1737
SUN - EVE, 10/10/2021,97699
MON - MID, 10/11/2021,76626
MON - EVE, 10/11/2021,81704
TUE - MID, 10/12/2021,2126
TUE - EVE, 10/12/2021,97001
WED - MID, 10/13/2021,4665
WED - EVE, 10/13/2021,81582
THU - MID, 10/14/2021,70359
THU - EVE, 10/14/2021,37157
FRI - MID, 10/15/2021,73095
FRI - EVE, 10/15/2021,56932
SAT - MID, 10/16/2021,76438
SAT - EVE, 10/16/2021,64080
SUN - MID, 10/17/2021,63763
SUN - EVE, 10/17/2021,72028
MON - MID, 10/18/2021,69434
MON - EVE, 10/18/2021,64587
TUE - MID, 10/19/2021,65120
TUE - EVE, 10/19/2021,80389
WED - MID, 10/20/2021,35561
WED - EVE, 10/20/2021,49996
THU - MID, 10/21/2021,88368
THU - EVE, 10/21/2021,38918
FRI - MID, 10/22/2021,52771
FRI - EVE, 10/22/2021,71408
SAT - MID, 10/23/2021,28364
SAT - EVE, 10/23/2021,14544
SUN - MID, 10/24/2021,4055
SUN - EVE, 10/24/2021,50572
MON - MID, 10/25/2021,53486
MON - EVE, 10/25/2021,28710
TUE - MID, 10/26/2021,12658
TUE - EVE, 10/26/2021,77077
WED - MID, 10/27/2021,52414
WED - EVE, 10/27/2021,72227
THU - MID, 10/28/2021,89439
THU - EVE, 10/28/2021,44303
FRI - MID, 10/29/2021,61825
FRI - EVE, 10/29/2021,57808
SAT - MID, 10/30/2021,26077
SAT - EVE, 10/30/2021,89373
SUN - MID, 10/31/2021,82709
SUN - EVE, 10/31/2021,82772
MON - MID, 11/1/2021,15624
MON - EVE, 11/1/2021,44860
TUE - MID, 11/2/2021,11975
TUE - EVE, 11/2/2021,56056
WED - MID, 11/3/2021,31272
WED - EVE, 11/3/2021,43237
THU - MID, 11/4/2021,84375
THU - EVE, 11/4/2021,15591
FRI - MID, 11/5/2021,87605
FRI - EVE, 11/5/2021,57688
SAT - MID, 11/6/2021,97255
SAT - EVE, 11/6/2021,68589
SUN - MID, 11/7/2021,89815
SUN - EVE, 11/7/2021,28618
MON - MID, 11/8/2021,59958
MON - EVE, 11/8/2021,24522
TUE - MID, 11/9/2021,71776
TUE - EVE, 11/9/2021,22291
WED - MID, 11/10/2021,1863
WED - EVE, 11/10/2021,68723
THU - MID, 11/11/2021,41113
THU - EVE, 11/11/2021,85630
FRI - MID, 11/12/2021,89124
FRI - EVE, 11/12/2021,21301
SAT - MID, 11/13/2021,47997
SAT - EVE, 11/13/2021,60328
SUN - MID, 11/14/2021,58764
SUN - EVE, 11/14/2021,11842
MON - MID, 11/15/2021,91449
MON - EVE, 11/15/2021,59444
TUE - MID, 11/16/2021,60411
TUE - EVE, 11/16/2021,19488
WED - MID, 11/17/2021,9113
WED - EVE, 11/17/2021,29038
THU - MID, 11/18/2021,21514
THU - EVE, 11/18/2021,55211
FRI - MID, 11/19/2021,39721
FRI - EVE, 11/19/2021,5237
SAT - MID, 11/20/2021,34353
SAT - EVE, 11/20/2021,96992
SUN - MID, 11/21/2021,49166
SUN - EVE, 11/21/2021,12663
MON - MID, 11/22/2021,86107
MON - EVE, 11/22/2021,97801
TUE - MID, 11/23/2021,17166
TUE - EVE, 11/23/2021,25427
WED - MID, 11/24/2021,15372
WED - EVE, 11/24/2021,74985
THU - MID, 11/25/2021,708
THU - EVE, 11/25/2021,92981
FRI - MID, 11/26/2021,54838
FRI - EVE, 11/26/2021,17725
SAT - MID, 11/27/2021,25918
SAT - EVE, 11/27/2021,98049
SUN - MID, 11/28/2021,9841
SUN - EVE, 11/28/2021,77221
MON - MID, 11/29/2021,84609
MON - EVE, 11/29/2021,16755
TUE - MID, 11/30/2021,89171
TUE - EVE, 11/30/2021,4958
WED - MID, 12/1/2021,510
WED - EVE, 12/1/2021,71014
THU - MID, 12/2/2021,867
THU - EVE, 12/2/2021,7654
FRI - MID, 12/3/2021,38736
FRI - EVE, 12/3/2021,99580
SAT - MID, 12/4/2021,41954
SAT - EVE, 12/4/2021,65002
SUN - MID, 12/5/2021,81050
SUN - EVE, 12/5/2021,69928
MON - MID, 12/6/2021,94677
MON - EVE, 12/6/2021,7289
TUE - MID, 12/7/2021,38460
TUE - EVE, 12/7/2021,31514
WED - MID, 12/8/2021,87617
WED - EVE, 12/8/2021,19468
THU - MID, 12/9/2021,85608
THU - EVE, 12/9/2021,13129
FRI - MID, 12/10/2021,92524
FRI - EVE, 12/10/2021,49828
SAT - MID, 12/11/2021,50133
SAT - EVE, 12/11/2021,49951
SUN - MID, 12/12/2021,61795
SUN - EVE, 12/12/2021,25435
MON - MID, 12/13/2021,41613
MON - EVE, 12/13/2021,49225
TUE - MID, 12/14/2021,24181
TUE - EVE, 12/14/2021,97827
WED - MID, 12/15/2021,99931
WED - EVE, 12/15/2021,22315
THU - MID, 12/16/2021,18784
THU - EVE, 12/16/2021,2682
FRI - MID, 12/17/2021,58175
FRI - EVE, 12/17/2021,48457
SAT - MID, 12/18/2021,9726
SAT - EVE, 12/18/2021,13147
SUN - MID, 12/19/2021,26351
SUN - EVE, 12/19/2021,64364
MON - MID, 12/20/2021,36344
MON - EVE, 12/20/2021,56786
TUE - MID, 12/21/2021,91974
TUE - EVE, 12/21/2021,45762
WED - MID, 12/22/2021,11480
WED - EVE, 12/22/2021,31214
THU - MID, 12/23/2021,1882
THU - EVE, 12/23/2021,66703
FRI - MID, 12/24/2021,42662
FRI - EVE, 12/24/2021,82331
SAT - MID, 12/25/2021,50749
SAT - EVE, 12/25/2021,29348
SUN - MID, 12/26/2021,40463
SUN - EVE, 12/26/2021,68089
MON - MID, 12/27/2021,8512
MON - EVE, 12/27/2021,75099
TUE - MID, 12/28/2021,38718
TUE - EVE, 12/28/2021,11907
WED - MID, 12/29/2021,76758
WED - EVE, 12/29/2021,40290
THU - MID, 12/30/2021,64397
THU - EVE, 12/30/2021,25660
FRI - MID, 12/31/2021,1085
FRI - EVE, 12/31/2021,62923
SAT - MID, 1/1/2022,76264
SAT - EVE, 1/1/2022,7375
SUN - MID, 1/2/2022,27795
SUN - EVE, 1/2/2022,81340
MON - MID, 1/3/2022,18892
MON - EVE, 1/3/2022,4584
TUE - MID, 1/4/2022,18924
TUE - EVE, 1/4/2022,57999
WED - MID, 1/5/2022,34386
WED - EVE, 1/5/2022,28383
THU - MID, 1/6/2022,72402
THU - EVE, 1/6/2022,87662
FRI - MID, 1/7/2022,30981
FRI - EVE, 1/7/2022,9882
SAT - MID, 1/8/2022,30398
SAT - EVE, 1/8/2022,2541
SUN - MID, 1/9/2022,24348
SUN - EVE, 1/9/2022,85900
MON - MID, 1/10/2022,12772
MON - EVE, 1/10/2022,28924
TUE - MID, 1/11/2022,56416
TUE - EVE, 1/11/2022,22724
WED - MID, 1/12/2022,59233
WED - EVE, 1/12/2022,35959
THU - MID, 1/13/2022,88283
THU - EVE, 1/13/2022,76276
FRI - MID, 1/14/2022,12639
FRI - EVE, 1/14/2022,23612
SAT - MID, 1/15/2022,68494
SAT - EVE, 1/15/2022,88655
SUN - MID, 1/16/2022,99243
SUN - EVE, 1/16/2022,11647
MON - MID, 1/17/2022,59357
MON - EVE, 1/17/2022,57707
TUE - MID, 1/18/2022,37969
TUE - EVE, 1/18/2022,95646
WED - MID, 1/19/2022,96943
WED - EVE, 1/19/2022,89586
THU - MID, 1/20/2022,37428
THU - EVE, 1/20/2022,75313
FRI - MID, 1/21/2022,12417
FRI - EVE, 1/21/2022,93635
SAT - MID, 1/22/2022,78290
SAT - EVE, 1/22/2022,73434
SUN - MID, 1/23/2022,104
SUN - EVE, 1/23/2022,86074
MON - MID, 1/24/2022,66423
MON - EVE, 1/24/2022,80158
TUE - MID, 1/25/2022,85656
TUE - EVE, 1/25/2022,70372
WED - MID, 1/26/2022,9738
WED - EVE, 1/26/2022,99977
THU - MID, 1/27/2022,6363
THU - EVE, 1/27/2022,67438
FRI - MID, 1/28/2022,98584
FRI - EVE, 1/28/2022,45229
SAT - MID, 1/29/2022,16785
SAT - EVE, 1/29/2022,24532
SUN - MID, 1/30/2022,33736
SUN - EVE, 1/30/2022,10466
MON - MID, 1/31/2022,4751
MON - EVE, 1/31/2022,88669
TUE - MID, 2/1/2022,20888
TUE - EVE, 2/1/2022,79704
WED - MID, 2/2/2022,45746
WED - EVE, 2/2/2022,3836
THU - MID, 2/3/2022,67815
THU - EVE, 2/3/2022,96440
FRI - MID, 2/4/2022,20774
FRI - EVE, 2/4/2022,3435
SAT - MID, 2/5/2022,76612
SAT - EVE, 2/5/2022,21192
SUN - MID, 2/6/2022,68670
SUN - EVE, 2/6/2022,96455
MON - MID, 2/7/2022,40562
MON - EVE, 2/7/2022,4081
TUE - MID, 2/8/2022,7366
TUE - EVE, 2/8/2022,57457
WED - MID, 2/9/2022,837
WED - EVE, 2/9/2022,15909
THU - MID, 2/10/2022,51278
THU - EVE, 2/10/2022,20495
FRI - MID, 2/11/2022,83699
FRI - EVE, 2/11/2022,73797
SAT - MID, 2/12/2022,59003
SAT - EVE, 2/12/2022,43146
SUN - MID, 2/13/2022,81380
SUN - EVE, 2/13/2022,51453
MON - MID, 2/14/2022,6018
MON - EVE, 2/14/2022,5895
TUE - MID, 2/15/2022,71714
TUE - EVE, 2/15/2022,19858
WED - MID, 2/16/2022,5230
WED - EVE, 2/16/2022,13395
THU - MID, 2/17/2022,33146
THU - EVE, 2/17/2022,97624
FRI - MID, 2/18/2022,43506
FRI - EVE, 2/18/2022,13781
SAT - MID, 2/19/2022,15023
SAT - EVE, 2/19/2022,10878
SUN - MID, 2/20/2022,12732
SUN - EVE, 2/20/2022,51997
MON - MID, 2/21/2022,46261
MON - EVE, 2/21/2022,98001
TUE - MID, 2/22/2022,15065
TUE - EVE, 2/22/2022,37744
WED - MID, 2/23/2022,27680
WED - EVE, 2/23/2022,19009
THU - MID, 2/24/2022,71528
THU - EVE, 2/24/2022,99831
FRI - MID, 2/25/2022,65121
FRI - EVE, 2/25/2022,91860
SAT - MID, 2/26/2022,86518
SAT - EVE, 2/26/2022,57162
SUN - MID, 2/27/2022,26337
SUN - EVE, 2/27/2022,92119
MON - MID, 2/28/2022,32975
MON - EVE, 2/28/2022,77804
TUE - MID, 3/1/2022,1324
TUE - EVE, 3/1/2022,41147
WED - MID, 3/2/2022,27056
WED - EVE, 3/2/2022,34699
THU - MID, 3/3/2022,99807
THU - EVE, 3/3/2022,18304
FRI - MID, 3/4/2022,34502
FRI - EVE, 3/4/2022,97926
SAT - MID, 3/5/2022,51807
SAT - EVE, 3/5/2022,33753
SUN - MID, 3/6/2022,95260
SUN - EVE, 3/6/2022,15492
MON - MID, 3/7/2022,15223
MON - EVE, 3/7/2022,3047
TUE - MID, 3/8/2022,92869
TUE - EVE, 3/8/2022,27628
WED - MID, 3/9/2022,9540
WED - EVE, 3/9/2022,48865
THU - MID, 3/10/2022,46437
THU - EVE, 3/10/2022,94275
FRI - MID, 3/11/2022,39937
FRI - EVE, 3/11/2022,27336
SAT - MID, 3/12/2022,66271
SAT - EVE, 3/12/2022,72163
SUN - MID, 3/13/2022,67106
SUN - EVE, 3/13/2022,55781
MON - MID, 3/14/2022,24618
MON - EVE, 3/14/2022,43166
TUE - MID, 3/15/2022,1686
TUE - EVE, 3/15/2022,16555
WED - MID, 3/16/2022,33853
WED - EVE, 3/16/2022,45650
THU - MID, 3/17/2022,91058
THU - EVE, 3/17/2022,35037
FRI - MID, 3/18/2022,98688
FRI - EVE, 3/18/2022,18393
SAT - MID, 3/19/2022,25617
SAT - EVE, 3/19/2022,68592
SUN - MID, 3/20/2022,43325
SUN - EVE, 3/20/2022,19102
MON - MID, 3/21/2022,38948
MON - EVE, 3/21/2022,85079
TUE - MID, 3/22/2022,81471
TUE - EVE, 3/22/2022,87143
WED - MID, 3/23/2022,93554
WED - EVE, 3/23/2022,43347
THU - MID, 3/24/2022,47653
THU - EVE, 3/24/2022,99137
FRI - MID, 3/25/2022,23376
FRI - EVE, 3/25/2022,26003
SAT - MID, 3/26/2022,64258
SAT - EVE, 3/26/2022,72316
SUN - MID, 3/27/2022,29240
SUN - EVE, 3/27/2022,46819
MON - MID, 3/28/2022,30528
MON - EVE, 3/28/2022,97592
TUE - MID, 3/29/2022,59651
TUE - EVE, 3/29/2022,30840
WED - MID, 3/30/2022,16749
WED - EVE, 3/30/2022,94260
THU - MID, 3/31/2022,65591
THU - EVE, 3/31/2022,23541
FRI - MID, 4/1/2022,28396
FRI - EVE, 4/1/2022,78152
SAT - MID, 4/2/2022,97115
SAT - EVE, 4/2/2022,34565
SUN - MID, 4/3/2022,95178
SUN - EVE, 4/3/2022,46680
MON - MID, 4/4/2022,70583
MON - EVE, 4/4/2022,39577
TUE - MID, 4/5/2022,59066
TUE - EVE, 4/5/2022,82797
WED - MID, 4/6/2022,90052
WED - EVE, 4/6/2022,20683
THU - MID, 4/7/2022,15344
THU - EVE, 4/7/2022,40061
FRI - MID, 4/8/2022,30451
FRI - EVE, 4/8/2022,99814
SAT - MID, 4/9/2022,95949
SAT - EVE, 4/9/2022,75908
SUN - MID, 4/10/2022,18264
SUN - EVE, 4/10/2022,61574
MON - MID, 4/11/2022,91022
MON - EVE, 4/11/2022,11209
TUE - MID, 4/12/2022,54037
TUE - EVE, 4/12/2022,91783
WED - MID, 4/13/2022,23209
WED - EVE, 4/13/2022,85497
THU - MID, 4/14/2022,48039
THU - EVE, 4/14/2022,23183
FRI - MID, 4/15/2022,85962
FRI - EVE, 4/15/2022,17497
SAT - MID, 4/16/2022,51212
SAT - EVE, 4/16/2022,28378
SUN - MID, 4/17/2022,30017
SUN - EVE, 4/17/2022,29745
MON - MID, 4/18/2022,65459
MON - EVE, 4/18/2022,66231
TUE - MID, 4/19/2022,40287
TUE - EVE, 4/19/2022,31424
WED - MID, 4/20/2022,76822
WED - EVE, 4/20/2022,14233
THU - MID, 4/21/2022,23820
THU - EVE, 4/21/2022,40518
FRI - MID, 4/22/2022,34003
FRI - EVE, 4/22/2022,7220
SAT - MID, 4/23/2022,79957
SAT - EVE, 4/23/2022,8170
SUN - MID, 4/24/2022,21856
SUN - EVE, 4/24/2022,79720
MON - MID, 4/25/2022,2707
MON - EVE, 4/25/2022,71518
TUE - MID, 4/26/2022,21510
TUE - EVE, 4/26/2022,54341
WED - MID, 4/27/2022,2170
WED - EVE, 4/27/2022,99066
THU - MID, 4/28/2022,85998
THU - EVE, 4/28/2022,75018
FRI - MID, 4/29/2022,54217
FRI - EVE, 4/29/2022,35468
SAT - MID, 4/30/2022,56834
SAT - EVE, 4/30/2022,32024
SUN - MID, 5/1/2022,72905
SUN - EVE, 5/1/2022,29837
MON - MID, 5/2/2022,89891
MON - EVE, 5/2/2022,64255
TUE - MID, 5/3/2022,58358
TUE - EVE, 5/3/2022,69706
WED - MID, 5/4/2022,63100
WED - EVE, 5/4/2022,48522
THU - MID, 5/5/2022,8535
THU - EVE, 5/5/2022,45821
FRI - MID, 5/6/2022,43739
FRI - EVE, 5/6/2022,67134
SAT - MID, 5/7/2022,8295
SAT - EVE, 5/7/2022,68842
SUN - MID, 5/8/2022,13291
SUN - EVE, 5/8/2022,97171
MON - MID, 5/9/2022,55089
MON - EVE, 5/9/2022,15995
TUE - MID, 5/10/2022,7378
TUE - EVE, 5/10/2022,57017
WED - MID, 5/11/2022,62223
WED - EVE, 5/11/2022,80228
THU - MID, 5/12/2022,78144
THU - EVE, 5/12/2022,66967
FRI - MID, 5/13/2022,49947
FRI - EVE, 5/13/2022,89274
SAT - MID, 5/14/2022,5482
SAT - EVE, 5/14/2022,5562
SUN - MID, 5/15/2022,57049
SUN - EVE, 5/15/2022,21829
MON - MID, 5/16/2022,38472
MON - EVE, 5/16/2022,59279
TUE - MID, 5/17/2022,86653
TUE - EVE, 5/17/2022,41755
WED - MID, 5/18/2022,96529
WED - EVE, 5/18/2022,28105
THU - MID, 5/19/2022,72844
THU - EVE, 5/19/2022,21292
FRI - MID, 5/20/2022,17388
FRI - EVE, 5/20/2022,50459
SAT - MID, 5/21/2022,42565
SAT - EVE, 5/21/2022,58700
SUN - MID, 5/22/2022,91445
SUN - EVE, 5/22/2022,43614
MON - MID, 5/23/2022,179
MON - EVE, 5/23/2022,16080
TUE - MID, 5/24/2022,78206
TUE - EVE, 5/24/2022,23609
WED - MID, 5/25/2022,50130
WED - EVE, 5/25/2022,85619
THU - MID, 5/26/2022,48319
THU - EVE, 5/26/2022,85157
FRI - MID, 5/27/2022,38522
FRI - EVE, 5/27/2022,40219
SAT - MID, 5/28/2022,72445
SAT - EVE, 5/28/2022,83359
SUN - MID, 5/29/2022,26050
SUN - EVE, 5/29/2022,78669
MON - MID, 5/30/2022,11462
MON - EVE, 5/30/2022,49831
TUE - MID, 5/31/2022,20079
TUE - EVE, 5/31/2022,80128
WED - MID, 6/1/2022,33798
WED - EVE, 6/1/2022,16305
THU - MID, 6/2/2022,42229
THU - EVE, 6/2/2022,62313
FRI - MID, 6/3/2022,16185
FRI - EVE, 6/3/2022,7399
SAT - MID, 6/4/2022,72650
SAT - EVE, 6/4/2022,25285
SUN - MID, 6/5/2022,91462
SUN - EVE, 6/5/2022,11435
MON - MID, 6/6/2022,8358
MON - EVE, 6/6/2022,48527
TUE - MID, 6/7/2022,35296
TUE - EVE, 6/7/2022,22399
WED - MID, 6/8/2022,43422
WED - EVE, 6/8/2022,79624
THU - MID, 6/9/2022,15246
THU - EVE, 6/9/2022,3471
FRI - MID, 6/10/2022,85421
FRI - EVE, 6/10/2022,94915
SAT - MID, 6/11/2022,80270
SAT - EVE, 6/11/2022,514
SUN - MID, 6/12/2022,10767
SUN - EVE, 6/12/2022,35815
MON - MID, 6/13/2022,18840
MON - EVE, 6/13/2022,78414
TUE - MID, 6/14/2022,29984
TUE - EVE, 6/14/2022,74630
WED - MID, 6/15/2022,11706
WED - EVE, 6/15/2022,10549
THU - MID, 6/16/2022,53783
THU - EVE, 6/16/2022,88843
FRI - MID, 6/17/2022,6588
FRI - EVE, 6/17/2022,69326
SAT - MID, 6/18/2022,83041
SAT - EVE, 6/18/2022,38940
SUN - MID, 6/19/2022,43114
SUN - EVE, 6/19/2022,87065
MON - MID, 6/20/2022,99128
MON - EVE, 6/20/2022,20818
TUE - MID, 6/21/2022,7367
TUE - EVE, 6/21/2022,89760
WED - MID, 6/22/2022,73561
WED - EVE, 6/22/2022,87642
THU - MID, 6/23/2022,98815
THU - EVE, 6/23/2022,82869
FRI - MID, 6/24/2022,92449
FRI - EVE, 6/24/2022,91516
SAT - MID, 6/25/2022,96210
SAT - EVE, 6/25/2022,1912
SUN - MID, 6/26/2022,11990
SUN - EVE, 6/26/2022,17722
MON - MID, 6/27/2022,88322
MON - EVE, 6/27/2022,65638
TUE - MID, 6/28/2022,91479
TUE - EVE, 6/28/2022,26906
WED - MID, 6/29/2022,57162
WED - EVE, 6/29/2022,1654
THU - MID, 6/30/2022,76173
THU - EVE, 6/30/2022,82669
FRI - MID, 7/1/2022,93587
FRI - EVE, 7/1/2022,39338
SAT - MID, 7/2/2022,97439
SAT - EVE, 7/2/2022,34023
SUN - MID, 7/3/2022,45770
SUN - EVE, 7/3/2022,44403
MON - MID, 7/4/2022,50744
MON - EVE, 7/4/2022,90662
TUE - MID, 7/5/2022,27561
TUE - EVE, 7/5/2022,71442
WED - MID, 7/6/2022,49152
WED - EVE, 7/6/2022,9201
THU - MID, 7/7/2022,85038
THU - EVE, 7/7/2022,62030
FRI - MID, 7/8/2022,15089
FRI - EVE, 7/8/2022,67574
SAT - MID, 7/9/2022,32283
SAT - EVE, 7/9/2022,14538
SUN - MID, 7/10/2022,50143
SUN - EVE, 7/10/2022,40379
MON - MID, 7/11/2022,97676
MON - EVE, 7/11/2022,53625
TUE - MID, 7/12/2022,99061
TUE - EVE, 7/12/2022,47975
WED - MID, 7/13/2022,27104
WED - EVE, 7/13/2022,75873
THU - MID, 7/14/2022,79169
THU - EVE, 7/14/2022,84132
FRI - MID, 7/15/2022,94277
FRI - EVE, 7/15/2022,85706
SAT - MID, 7/16/2022,71184
SAT - EVE, 7/16/2022,59531
SUN - MID, 7/17/2022,50255
SUN - EVE, 7/17/2022,60946
MON - MID, 7/18/2022,46156
MON - EVE, 7/18/2022,29060
TUE - MID, 7/19/2022,90502
TUE - EVE, 7/19/2022,7131
WED - MID, 7/20/2022,13463
WED - EVE, 7/20/2022,15490
THU - MID, 7/21/2022,21161
THU - EVE, 7/21/2022,74595
FRI - MID, 7/22/2022,3342
FRI - EVE, 7/22/2022,78067
SAT - MID, 7/23/2022,63353
SAT - EVE, 7/23/2022,90158
SUN - MID, 7/24/2022,34202
SUN - EVE, 7/24/2022,12563
MON - MID, 7/25/2022,60797
MON - EVE, 7/25/2022,22942
TUE - MID, 7/26/2022,84792
TUE - EVE, 7/26/2022,53431
WED - MID, 7/27/2022,48971
WED - EVE, 7/27/2022,5986
THU - MID, 7/28/2022,20684
THU - EVE, 7/28/2022,41661
FRI - MID, 7/29/2022,38557
FRI - EVE, 7/29/2022,65858
SAT - MID, 7/30/2022,56170
SAT - EVE, 7/30/2022,95310
SUN - MID, 7/31/2022,46728
SUN - EVE, 7/31/2022,10754
MON - MID, 8/1/2022,94017
MON - EVE, 8/1/2022,75272
TUE - MID, 8/2/2022,61933
TUE - EVE, 8/2/2022,55709
WED - MID, 8/3/2022,16271
WED - EVE, 8/3/2022,77464
THU - MID, 8/4/2022,7179
THU - EVE, 8/4/2022,43097
FRI - MID, 8/5/2022,20113
FRI - EVE, 8/5/2022,29427
SAT - MID, 8/6/2022,57382
SAT - EVE, 8/6/2022,53657
SUN - MID, 8/7/2022,8599
SUN - EVE, 8/7/2022,44759
MON - MID, 8/8/2022,44540
MON - EVE, 8/8/2022,53502
TUE - MID, 8/9/2022,3691
TUE - EVE, 8/9/2022,81810
WED - MID, 8/10/2022,3834
WED - EVE, 8/10/2022,21483
THU - MID, 8/11/2022,24681
THU - EVE, 8/11/2022,53243
FRI - MID, 8/12/2022,18212
FRI - EVE, 8/12/2022,33727
SAT - MID, 8/13/2022,2863
SAT - EVE, 8/13/2022,50145
SUN - MID, 8/14/2022,66561
SUN - EVE, 8/14/2022,26175
MON - MID, 8/15/2022,14915
MON - EVE, 8/15/2022,73906
TUE - MID, 8/16/2022,63944
TUE - EVE, 8/16/2022,44593
WED - MID, 8/17/2022,49013
WED - EVE, 8/17/2022,68498
THU - MID, 8/18/2022,60306
THU - EVE, 8/18/2022,28011
FRI - MID, 8/19/2022,86980
FRI - EVE, 8/19/2022,34903
SAT - MID, 8/20/2022,42640
SAT - EVE, 8/20/2022,51943
SUN - MID, 8/21/2022,37434
SUN - EVE, 8/21/2022,77201
MON - MID, 8/22/2022,23477
MON - EVE, 8/22/2022,68585
TUE - MID, 8/23/2022,66875
TUE - EVE, 8/23/2022,88406
WED - MID, 8/24/2022,66020
WED - EVE, 8/24/2022,97081
THU - MID, 8/25/2022,85860
THU - EVE, 8/25/2022,58750
FRI - MID, 8/26/2022,60369
FRI - EVE, 8/26/2022,10145
SAT - MID, 8/27/2022,33720
SAT - EVE, 8/27/2022,44103
SUN - MID, 8/28/2022,12815
SUN - EVE, 8/28/2022,9936
MON - MID, 8/29/2022,38338
MON - EVE, 8/29/2022,87415
TUE - MID, 8/30/2022,32637
TUE - EVE, 8/30/2022,28425
WED - MID, 8/31/2022,64939
WED - EVE, 8/31/2022,92673
THU - MID, 9/1/2022,93772
THU - EVE, 9/1/2022,36783
FRI - MID, 9/2/2022,55536
FRI - EVE, 9/2/2022,71614
SAT - MID, 9/3/2022,130
SAT - EVE, 9/3/2022,35359
SUN - MID, 9/4/2022,34831
SUN - EVE, 9/4/2022,39803
MON - MID, 9/5/2022,90304
MON - EVE, 9/5/2022,9195
TUE - MID, 9/6/2022,34724
TUE - EVE, 9/6/2022,2856
WED - MID, 9/7/2022,93754
WED - EVE, 9/7/2022,3796
THU - MID, 9/8/2022,65758
THU - EVE, 9/8/2022,83180
FRI - MID, 9/9/2022,49197
FRI - EVE, 9/9/2022,79515
SAT - MID, 9/10/2022,65913
SAT - EVE, 9/10/2022,79311
SUN - MID, 9/11/2022,14519
SUN - EVE, 9/11/2022,78086
MON - MID, 9/12/2022,41351
MON - EVE, 9/12/2022,17015
TUE - MID, 9/13/2022,82058
TUE - EVE, 9/13/2022,88178
WED - MID, 9/14/2022,53788
WED - EVE, 9/14/2022,41144
THU - MID, 9/15/2022,64307
THU - EVE, 9/15/2022,78601
FRI - MID, 9/16/2022,68828
FRI - EVE, 9/16/2022,63203
SAT - MID, 9/17/2022,51089
SAT - EVE, 9/17/2022,65387
SUN - MID, 9/18/2022,73199
SUN - EVE, 9/18/2022,28516
MON - MID, 9/19/2022,28143
MON - EVE, 9/19/2022,67840
TUE - MID, 9/20/2022,39088
TUE - EVE, 9/20/2022,53348
WED - MID, 9/21/2022,32916
WED - EVE, 9/21/2022,31150
THU - MID, 9/22/2022,78328
THU - EVE, 9/22/2022,66152
FRI - MID, 9/23/2022,34048
FRI - EVE, 9/23/2022,29052
SAT - MID, 9/24/2022,91646
SAT - EVE, 9/24/2022,18109
SUN - MID, 9/25/2022,77028
SUN - EVE, 9/25/2022,11309
MON - MID, 9/26/2022,11505
MON - EVE, 9/26/2022,37255
TUE - MID, 9/27/2022,1450
TUE - EVE, 9/27/2022,19044
WED - MID, 9/28/2022,2862
WED - EVE, 9/28/2022,39594
THU - MID, 9/29/2022,82855
THU - EVE, 9/29/2022,54412
FRI - MID, 9/30/2022,8592
FRI - EVE, 9/30/2022,34749
SAT - MID, 10/1/2022,17422
SAT - EVE, 10/1/2022,95079
SUN - MID, 10/2/2022,33060
SUN - EVE, 10/2/2022,46771
MON - MID, 10/3/2022,47106
MON - EVE, 10/3/2022,7357
TUE - MID, 10/4/2022,70581
TUE - EVE, 10/4/2022,88849
WED - MID, 10/5/2022,35737
WED - EVE, 10/5/2022,76847
THU - MID, 10/6/2022,84870
THU - EVE, 10/6/2022,63967
FRI - MID, 10/7/2022,92408
FRI - EVE, 10/7/2022,22856
SAT - MID, 10/8/2022,29404
SAT - EVE, 10/8/2022,3536
SUN - MID, 10/9/2022,67836
SUN - EVE, 10/9/2022,58787
MON - MID, 10/10/2022,44769
MON - EVE, 10/10/2022,5260
TUE - MID, 10/11/2022,89759
TUE - EVE, 10/11/2022,23930
WED - MID, 10/12/2022,14597
WED - EVE, 10/12/2022,69864
THU - MID, 10/13/2022,78701
THU - EVE, 10/13/2022,70782
FRI - MID, 10/14/2022,14179
FRI - EVE, 10/14/2022,30767
SAT - MID, 10/15/2022,74011
SAT - EVE, 10/15/2022,96787
SUN - MID, 10/16/2022,93653
SUN - EVE, 10/16/2022,31703
MON - MID, 10/17/2022,8873
MON - EVE, 10/17/2022,87203
TUE - MID, 10/18/2022,21388
TUE - EVE, 10/18/2022,30364
WED - MID, 10/19/2022,45591
WED - EVE, 10/19/2022,58488
THU - MID, 10/20/2022,12460
THU - EVE, 10/20/2022,78066
FRI - MID, 10/21/2022,7883
FRI - EVE, 10/21/2022,97345
SAT - MID, 10/22/2022,20438
SAT - EVE, 10/22/2022,72833
SUN - MID, 10/23/2022,143
SUN - EVE, 10/23/2022,79353
MON - MID, 10/24/2022,4427
MON - EVE, 10/24/2022,83800
TUE - MID, 10/25/2022,2131
TUE - EVE, 10/25/2022,53633
WED - MID, 10/26/2022,186
WED - EVE, 10/26/2022,92833
THU - MID, 10/27/2022,58623
THU - EVE, 10/27/2022,32992
FRI - MID, 10/28/2022,94836
FRI - EVE, 10/28/2022,2961
SAT - MID, 10/29/2022,97762
SAT - EVE, 10/29/2022,69149
SUN - MID, 10/30/2022,84114
SUN - EVE, 10/30/2022,19395
MON - MID, 10/31/2022,36405
MON - EVE, 10/31/2022,80897
TUE - MID, 11/1/2022,73127
TUE - EVE, 11/1/2022,76487
WED - MID, 11/2/2022,79870
WED - EVE, 11/2/2022,4061
THU - MID, 11/3/2022,98795
THU - EVE, 11/3/2022,88283
FRI - MID, 11/4/2022,28195
FRI - EVE, 11/4/2022,12438
SAT - MID, 11/5/2022,57427
SAT - EVE, 11/5/2022,85775
SUN - MID, 11/6/2022,17549
SUN - EVE, 11/6/2022,16822
MON - MID, 11/7/2022,22436
MON - EVE, 11/7/2022,81631
TUE - MID, 11/8/2022,51629
TUE - EVE, 11/8/2022,63308
WED - MID, 11/9/2022,70163
WED - EVE, 11/9/2022,86739
THU - MID, 11/10/2022,45049
THU - EVE, 11/10/2022,6368
FRI - MID, 11/11/2022,35916
FRI - EVE, 11/11/2022,36241
SAT - MID, 11/12/2022,50306
SAT - EVE, 11/12/2022,40702
SUN - MID, 11/13/2022,20466
SUN - EVE, 11/13/2022,50670
MON - MID, 11/14/2022,76222
MON - EVE, 11/14/2022,91506
TUE - MID, 11/15/2022,3600
TUE - EVE, 11/15/2022,60612
WED - MID, 11/16/2022,71808
WED - EVE, 11/16/2022,32169
THU - MID, 11/17/2022,64142
THU - EVE, 11/17/2022,31732
FRI - MID, 11/18/2022,88707
FRI - EVE, 11/18/2022,68064
SAT - MID, 11/19/2022,54832
SAT - EVE, 11/19/2022,86193
SUN - MID, 11/20/2022,32332
SUN - EVE, 11/20/2022,80709
MON - MID, 11/21/2022,55349
MON - EVE, 11/21/2022,4072
TUE - MID, 11/22/2022,68051
TUE - EVE, 11/22/2022,4379
WED - MID, 11/23/2022,63853
WED - EVE, 11/23/2022,14903
THU - MID, 11/24/2022,68096
THU - EVE, 11/24/2022,40789
FRI - MID, 11/25/2022,30655
FRI - EVE, 11/25/2022,26915
SAT - MID, 11/26/2022,35170
SAT - EVE, 11/26/2022,73238
SUN - MID, 11/27/2022,56858
SUN - EVE, 11/27/2022,9025
MON - MID, 11/28/2022,86714
MON - EVE, 11/28/2022,57572
TUE - MID, 11/29/2022,39029
TUE - EVE, 11/29/2022,8710
WED - MID, 11/30/2022,88315
WED - EVE, 11/30/2022,75430
THU - MID, 12/1/2022,27033
THU - EVE, 12/1/2022,92153
FRI - MID, 12/2/2022,14133
FRI - EVE, 12/2/2022,68737
SAT - MID, 12/3/2022,60734
SAT - EVE, 12/3/2022,35726
SUN - MID, 12/4/2022,20287
SUN - EVE, 12/4/2022,94068
MON - MID, 12/5/2022,66784
MON - EVE, 12/5/2022,54382
TUE - MID, 12/6/2022,83186
TUE - EVE, 12/6/2022,34998
WED - MID, 12/7/2022,44552
WED - EVE, 12/7/2022,24526
THU - MID, 12/8/2022,91410
THU - EVE, 12/8/2022,23686
FRI - MID, 12/9/2022,6144
FRI - EVE, 12/9/2022,14708
SAT - MID, 12/10/2022,13829
SAT - EVE, 12/10/2022,85591
SUN - MID, 12/11/2022,50270
SUN - EVE, 12/11/2022,31664
MON - MID, 12/12/2022,28787
MON - EVE, 12/12/2022,73239
TUE - MID, 12/13/2022,28760
TUE - EVE, 12/13/2022,95
WED - MID, 12/14/2022,32257
WED - EVE, 12/14/2022,82857
THU - MID, 12/15/2022,77821
THU - EVE, 12/15/2022,68139
FRI - MID, 12/16/2022,18173
FRI - EVE, 12/16/2022,65466
SAT - MID, 12/17/2022,42753
SAT - EVE, 12/17/2022,32632
SUN - MID, 12/18/2022,92724
SUN - EVE, 12/18/2022,78492
MON - MID, 12/19/2022,67739
MON - EVE, 12/19/2022,899
TUE - MID, 12/20/2022,71758
TUE - EVE, 12/20/2022,57538
WED - MID, 12/21/2022,30103
WED - EVE, 12/21/2022,63999
THU - MID, 12/22/2022,59726
THU - EVE, 12/22/2022,21627
FRI - MID, 12/23/2022,22459
FRI - EVE, 12/23/2022,46313
SAT - MID, 12/24/2022,69509
SAT - EVE, 12/24/2022,93649
SUN - MID, 12/25/2022,91121
SUN - EVE, 12/25/2022,66473
MON - MID, 12/26/2022,94959
MON - EVE, 12/26/2022,15094
TUE - MID, 12/27/2022,65675
TUE - EVE, 12/27/2022,65097
WED - MID, 12/28/2022,1683
WED - EVE, 12/28/2022,78696
THU - MID, 12/29/2022,83726
THU - EVE, 12/29/2022,8833
FRI - MID, 12/30/2022,97675
FRI - EVE, 12/30/2022,43607
SAT - MID, 12/31/2022,39881
SAT - EVE, 12/31/2022,84773
SUN - MID, 1/1/2023,80078
SUN - EVE, 1/1/2023,73150
MON - MID, 1/2/2023,13979
MON - EVE, 1/2/2023,21817
TUE - MID, 1/3/2023,70783
TUE - EVE, 1/3/2023,25723
WED - MID, 1/4/2023,99716
WED - EVE, 1/4/2023,2062
THU - MID, 1/5/2023,83998
THU - EVE, 1/5/2023,95190
FRI - MID, 1/6/2023,52145
FRI - EVE, 1/6/2023,24303
SAT - MID, 1/7/2023,28546
SAT - EVE, 1/7/2023,70435
SUN - MID, 1/8/2023,1603
SUN - EVE, 1/8/2023,55510
MON - MID, 1/9/2023,10628
MON - EVE, 1/9/2023,63510
TUE - MID, 1/10/2023,13810
TUE - EVE, 1/10/2023,70521
WED - MID, 1/11/2023,24111
WED - EVE, 1/11/2023,98858
THU - MID, 1/12/2023,55902
THU - EVE, 1/12/2023,43436
FRI - MID, 1/13/2023,64412
FRI - EVE, 1/13/2023,75465
SAT - MID, 1/14/2023,57482
SAT - EVE, 1/14/2023,29700
SUN - MID, 1/15/2023,62414
SUN - EVE, 1/15/2023,6828
MON - MID, 1/16/2023,37377
MON - EVE, 1/16/2023,85662
TUE - MID, 1/17/2023,74268
TUE - EVE, 1/17/2023,47487
WED - MID, 1/18/2023,29967
WED - EVE, 1/18/2023,99445
THU - MID, 1/19/2023,54848
THU - EVE, 1/19/2023,1906
FRI - MID, 1/20/2023,39960
FRI - EVE, 1/20/2023,23194
SAT - MID, 1/21/2023,51226
SAT - EVE, 1/21/2023,29643
SUN - MID, 1/22/2023,11476
SUN - EVE, 1/22/2023,5294
MON - MID, 1/23/2023,5695
MON - EVE, 1/23/2023,95016
TUE - MID, 1/24/2023,17938
TUE - EVE, 1/24/2023,75076
WED - MID, 1/25/2023,81015
WED - EVE, 1/25/2023,59468
THU - MID, 1/26/2023,63018
THU - EVE, 1/26/2023,97381
FRI - MID, 1/27/2023,54417
FRI - EVE, 1/27/2023,71879
SAT - MID, 1/28/2023,68315
SAT - EVE, 1/28/2023,50622
SUN - MID, 1/29/2023,56738
SUN - EVE, 1/29/2023,59084
MON - MID, 1/30/2023,42361
MON - EVE, 1/30/2023,44026
TUE - MID, 1/31/2023,44969
TUE - EVE, 1/31/2023,72500
WED - MID, 2/1/2023,79866
WED - EVE, 2/1/2023,44045
THU - MID, 2/2/2023,9128
THU - EVE, 2/2/2023,87161
FRI - MID, 2/3/2023,89079
FRI - EVE, 2/3/2023,97490
SAT - MID, 2/4/2023,97093
SAT - EVE, 2/4/2023,95779
SUN - MID, 2/5/2023,40157
SUN - EVE, 2/5/2023,92584
MON - MID, 2/6/2023,67623
MON - EVE, 2/6/2023,43529
TUE - MID, 2/7/2023,40277
TUE - EVE, 2/7/2023,42771
WED - MID, 2/8/2023,26059
WED - EVE, 2/8/2023,51827
THU - MID, 2/9/2023,4796
THU - EVE, 2/9/2023,56972
FRI - MID, 2/10/2023,93992
FRI - EVE, 2/10/2023,12848
SAT - MID, 2/11/2023,83804
SAT - EVE, 2/11/2023,84650
SUN - MID, 2/12/2023,33691
SUN - EVE, 2/12/2023,99470
MON - MID, 2/13/2023,30745
MON - EVE, 2/13/2023,97277
TUE - MID, 2/14/2023,38107
TUE - EVE, 2/14/2023,1453
WED - MID, 2/15/2023,14997
WED - EVE, 2/15/2023,99821
THU - MID, 2/16/2023,40726
THU - EVE, 2/16/2023,25850
FRI - MID, 2/17/2023,44760
FRI - EVE, 2/17/2023,96543
SAT - MID, 2/18/2023,31686
SAT - EVE, 2/18/2023,53863
SUN - MID, 2/19/2023,79243
SUN - EVE, 2/19/2023,49623
MON - MID, 2/20/2023,33459
MON - EVE, 2/20/2023,11506
TUE - MID, 2/21/2023,81130
TUE - EVE, 2/21/2023,12964
WED - MID, 2/22/2023,23924
WED - EVE, 2/22/2023,36578
THU - MID, 2/23/2023,39132
THU - EVE, 2/23/2023,59476
FRI - MID, 2/24/2023,34876
FRI - EVE, 2/24/2023,98715
SAT - MID, 2/25/2023,14593
SAT - EVE, 2/25/2023,16166
SUN - MID, 2/26/2023,343
SUN - EVE, 2/26/2023,37904
MON - MID, 2/27/2023,20678
MON - EVE, 2/27/2023,60762
TUE - MID, 2/28/2023,69988
TUE - EVE, 2/28/2023,60789
WED - MID, 3/1/2023,90087
WED - EVE, 3/1/2023,8579
THU - MID, 3/2/2023,51790
THU - EVE, 3/2/2023,86606
FRI - MID, 3/3/2023,58241
FRI - EVE, 3/3/2023,17363
SAT - MID, 3/4/2023,14552
SAT - EVE, 3/4/2023,9174
SUN - MID, 3/5/2023,73252
SUN - EVE, 3/5/2023,84412
MON - MID, 3/6/2023,45155
MON - EVE, 3/6/2023,15728
TUE - MID, 3/7/2023,89609
TUE - EVE, 3/7/2023,98114
WED - MID, 3/8/2023,76379
WED - EVE, 3/8/2023,61890
THU - MID, 3/9/2023,8362
THU - EVE, 3/9/2023,67490
FRI - MID, 3/10/2023,78123
FRI - EVE, 3/10/2023,56989
SAT - MID, 3/11/2023,7902
SAT - EVE, 3/11/2023,21830
SUN - MID, 3/12/2023,87354
SUN - EVE, 3/12/2023,71652
MON - MID, 3/13/2023,41329
MON - EVE, 3/13/2023,96672
TUE - MID, 3/14/2023,46388
TUE - EVE, 3/14/2023,53685
WED - MID, 3/15/2023,28048
WED - EVE, 3/15/2023,17360
THU - MID, 3/16/2023,57165
THU - EVE, 3/16/2023,48603
FRI - MID, 3/17/2023,36532
FRI - EVE, 3/17/2023,69501
SAT - MID, 3/18/2023,86302
SAT - EVE, 3/18/2023,50778
SUN - MID, 3/19/2023,33089
SUN - EVE, 3/19/2023,36600
MON - MID, 3/20/2023,47358
MON - EVE, 3/20/2023,10847
TUE - MID, 3/21/2023,62619
TUE - EVE, 3/21/2023,86370
WED - MID, 3/22/2023,64234
WED - EVE, 3/22/2023,22181
THU - MID, 3/23/2023,42435
THU - EVE, 3/23/2023,16669
FRI - MID, 3/24/2023,63391
FRI - EVE, 3/24/2023,64214
SAT - MID, 3/25/2023,79518
SAT - EVE, 3/25/2023,52491
SUN - MID, 3/26/2023,21113
SUN - EVE, 3/26/2023,1977
MON - MID, 3/27/2023,36380
MON - EVE, 3/27/2023,25339
TUE - MID, 3/28/2023,44926
TUE - EVE, 3/28/2023,7522
WED - MID, 3/29/2023,40364
WED - EVE, 3/29/2023,86481
THU - MID, 3/30/2023,75628
THU - EVE, 3/30/2023,24101
FRI - MID, 3/31/2023,38643
FRI - EVE, 3/31/2023,55960
SAT - MID, 4/1/2023,9375
SAT - EVE, 4/1/2023,30255
SUN - MID, 4/2/2023,94739
SUN - EVE, 4/2/2023,53724
MON - MID, 4/3/2023,63884
MON - EVE, 4/3/2023,49129
TUE - MID, 4/4/2023,74782
TUE - EVE, 4/4/2023,22774
WED - MID, 4/5/2023,82299
WED - EVE, 4/5/2023,22625
THU - MID, 4/6/2023,9230
THU - EVE, 4/6/2023,34755
FRI - MID, 4/7/2023,5820
FRI - EVE, 4/7/2023,77915
SAT - MID, 4/8/2023,98207
SAT - EVE, 4/8/2023,98993
SUN - MID, 4/9/2023,95571
SUN - EVE, 4/9/2023,49751
MON - MID, 4/10/2023,4624
MON - EVE, 4/10/2023,32491
TUE - MID, 4/11/2023,21033
TUE - EVE, 4/11/2023,33615
WED - MID, 4/12/2023,10575
WED - EVE, 4/12/2023,1530
THU - MID, 4/13/2023,49072
THU - EVE, 4/13/2023,12853
FRI - MID, 4/14/2023,43214
FRI - EVE, 4/14/2023,58735
SAT - MID, 4/15/2023,23210
SAT - EVE, 4/15/2023,86569
SUN - MID, 4/16/2023,79250
SUN - EVE, 4/16/2023,77801
MON - MID, 4/17/2023,60486
MON - EVE, 4/17/2023,53826
TUE - MID, 4/18/2023,63851
TUE - EVE, 4/18/2023,75376
WED - MID, 4/19/2023,22577
WED - EVE, 4/19/2023,98391
THU - MID, 4/20/2023,43909
THU - EVE, 4/20/2023,56067
FRI - MID, 4/21/2023,4217
FRI - EVE, 4/21/2023,78253
SAT - MID, 4/22/2023,49588
SAT - EVE, 4/22/2023,30150
SUN - MID, 4/23/2023,72511
SUN - EVE, 4/23/2023,4331
MON - MID, 4/24/2023,96276
MON - EVE, 4/24/2023,36291
TUE - MID, 4/25/2023,95104
TUE - EVE, 4/25/2023,67359
WED - MID, 4/26/2023,57099
WED - EVE, 4/26/2023,99086
THU - MID, 4/27/2023,90101
THU - EVE, 4/27/2023,51015
FRI - MID, 4/28/2023,58930
FRI - EVE, 4/28/2023,35778
SAT - MID, 4/29/2023,44274
SAT - EVE, 4/29/2023,97566
SUN - MID, 4/30/2023,25680
SUN - EVE, 4/30/2023,60077
MON - MID, 5/1/2023,22270
MON - EVE, 5/1/2023,87183
TUE - MID, 5/2/2023,52790
TUE - EVE, 5/2/2023,16516
WED - MID, 5/3/2023,62847
WED - EVE, 5/3/2023,85097
THU - MID, 5/4/2023,40440
THU - EVE, 5/4/2023,60467
FRI - MID, 5/5/2023,57461
FRI - EVE, 5/5/2023,67789
SAT - MID, 5/6/2023,88979
SAT - EVE, 5/6/2023,24850
SUN - MID, 5/7/2023,32309
SUN - EVE, 5/7/2023,81355
MON - MID, 5/8/2023,16716
MON - EVE, 5/8/2023,7405
TUE - MID, 5/9/2023,68375
TUE - EVE, 5/9/2023,49435
WED - MID, 5/10/2023,14235
WED - EVE, 5/10/2023,23892
THU - MID, 5/11/2023,36575
THU - EVE, 5/11/2023,6544
FRI - MID, 5/12/2023,45608
FRI - EVE, 5/12/2023,15040
SAT - MID, 5/13/2023,66086
SAT - EVE, 5/13/2023,66300
SUN - MID, 5/14/2023,98935
SUN - EVE, 5/14/2023,79044
MON - MID, 5/15/2023,63062
MON - EVE, 5/15/2023,77270
TUE - MID, 5/16/2023,41578
TUE - EVE, 5/16/2023,27506
WED - MID, 5/17/2023,12853
WED - EVE, 5/17/2023,86356
THU - MID, 5/18/2023,42088
THU - EVE, 5/18/2023,8807
FRI - MID, 5/19/2023,69363
FRI - EVE, 5/19/2023,159
SAT - MID, 5/20/2023,20376
SAT - EVE, 5/20/2023,65654
SUN - MID, 5/21/2023,71771
SUN - EVE, 5/21/2023,52417
MON - MID, 5/22/2023,23940
MON - EVE, 5/22/2023,77495
TUE - MID, 5/23/2023,55499
TUE - EVE, 5/23/2023,87531
WED - MID, 5/24/2023,73522
WED - EVE, 5/24/2023,73535
THU - MID, 5/25/2023,40879
THU - EVE, 5/25/2023,74501
FRI - MID, 5/26/2023,11842
FRI - EVE, 5/26/2023,82873
SAT - MID, 5/27/2023,22642
SAT - EVE, 5/27/2023,92581
SUN - MID, 5/28/2023,36274
SUN - EVE, 5/28/2023,29837
MON - MID, 5/29/2023,83670
MON - EVE, 5/29/2023,30192
TUE - MID, 5/30/2023,88137
TUE - EVE, 5/30/2023,65399
WED - MID, 5/31/2023,20701
WED - EVE, 5/31/2023,73454
THU - MID, 6/1/2023,98324
THU - EVE, 6/1/2023,54910
FRI - MID, 6/2/2023,40968
FRI - EVE, 6/2/2023,26839
SAT - MID, 6/3/2023,31053
SAT - EVE, 6/3/2023,15333
SUN - MID, 6/4/2023,64843
SUN - EVE, 6/4/2023,50550
MON - MID, 6/5/2023,25805
MON - EVE, 6/5/2023,16978
TUE - MID, 6/6/2023,24282
TUE - EVE, 6/6/2023,92995
WED - MID, 6/7/2023,79234
WED - EVE, 6/7/2023,36668
THU - MID, 6/8/2023,62121
THU - EVE, 6/8/2023,15392
FRI - MID, 6/9/2023,83894
FRI - EVE, 6/9/2023,37123
SAT - MID, 6/10/2023,16899
SAT - EVE, 6/10/2023,76316
SUN - MID, 6/11/2023,66694
SUN - EVE, 6/11/2023,38126
MON - MID, 6/12/2023,26639
MON - EVE, 6/12/2023,82989
TUE - MID, 6/13/2023,80917
TUE - EVE, 6/13/2023,38665
WED - MID, 6/14/2023,66583
WED - EVE, 6/14/2023,95463
THU - MID, 6/15/2023,49916
THU - EVE, 6/15/2023,20623
FRI - MID, 6/16/2023,97865
FRI - EVE, 6/16/2023,26344
SAT - MID, 6/17/2023,847
SAT - EVE, 6/17/2023,91373
SUN - MID, 6/18/2023,42466
SUN - EVE, 6/18/2023,54071
MON - MID, 6/19/2023,90602
MON - EVE, 6/19/2023,59602
TUE - MID, 6/20/2023,29463
TUE - EVE, 6/20/2023,4042
WED - MID, 6/21/2023,56092
WED - EVE, 6/21/2023,83426
THU - MID, 6/22/2023,80654
THU - EVE, 6/22/2023,91734
FRI - MID, 6/23/2023,7630
FRI - EVE, 6/23/2023,23856
SAT - MID, 6/24/2023,64337
SAT - EVE, 6/24/2023,97167
SUN - MID, 6/25/2023,11277
SUN - EVE, 6/25/2023,64236
MON - MID, 6/26/2023,37110
MON - EVE, 6/26/2023,54173
TUE - MID, 6/27/2023,3230
TUE - EVE, 6/27/2023,25984
WED - MID, 6/28/2023,9196
WED - EVE, 6/28/2023,50786
THU - MID, 6/29/2023,79300
THU - EVE, 6/29/2023,2958
FRI - MID, 6/30/2023,55258
FRI - EVE, 6/30/2023,83746
SAT - MID, 7/1/2023,15297
SAT - EVE, 7/1/2023,51657
SUN - MID, 7/2/2023,35769
SUN - EVE, 7/2/2023,56863
MON - MID, 7/3/2023,22493
MON - EVE, 7/3/2023,1997
TUE - MID, 7/4/2023,1552
TUE - EVE, 7/4/2023,89625
WED - MID, 7/5/2023,38246
WED - EVE, 7/5/2023,14842
THU - MID, 7/6/2023,69852
THU - EVE, 7/6/2023,75635
FRI - MID, 7/7/2023,21720
FRI - EVE, 7/7/2023,10285
SAT - MID, 7/8/2023,23924
SAT - EVE, 7/8/2023,24720
SUN - MID, 7/9/2023,2017
SUN - EVE, 7/9/2023,40310
MON - MID, 7/10/2023,95571
MON - EVE, 7/10/2023,61682
TUE - MID, 7/11/2023,55228
TUE - EVE, 7/11/2023,84387
WED - MID, 7/12/2023,99404
WED - EVE, 7/12/2023,32170
THU - MID, 7/13/2023,6586
THU - EVE, 7/13/2023,59250
FRI - MID, 7/14/2023,96415
FRI - EVE, 7/14/2023,59495
SAT - MID, 7/15/2023,22236
SAT - EVE, 7/15/2023,10617
SUN - MID, 7/16/2023,61572
SUN - EVE, 7/16/2023,86385
MON - MID, 7/17/2023,76876
MON - EVE, 7/17/2023,57877
TUE - MID, 7/18/2023,42754
TUE - EVE, 7/18/2023,27899
WED - MID, 7/19/2023,55272
WED - EVE, 7/19/2023,32523
THU - MID, 7/20/2023,5393
THU - EVE, 7/20/2023,38031
FRI - MID, 7/21/2023,49695
FRI - EVE, 7/21/2023,23913
SAT - MID, 7/22/2023,75763
SAT - EVE, 7/22/2023,2556
SUN - MID, 7/23/2023,52385
SUN - EVE, 7/23/2023,25469
MON - MID, 7/24/2023,88642
MON - EVE, 7/24/2023,17980
TUE - MID, 7/25/2023,97307
TUE - EVE, 7/25/2023,77059
WED - MID, 7/26/2023,74447
WED - EVE, 7/26/2023,45590
THU - MID, 7/27/2023,42959
THU - EVE, 7/27/2023,74953
FRI - MID, 7/28/2023,8812
FRI - EVE, 7/28/2023,23331
SAT - MID, 7/29/2023,64367
SAT - EVE, 7/29/2023,26503
SUN - MID, 7/30/2023,88381
SUN - EVE, 7/30/2023,94752
MON - MID, 7/31/2023,78701
MON - EVE, 7/31/2023,89577
TUE - MID, 8/1/2023,23058
TUE - EVE, 8/1/2023,22489
WED - MID, 8/2/2023,66800
WED - EVE, 8/2/2023,56885
THU - MID, 8/3/2023,71704
THU - EVE, 8/3/2023,81636
FRI - MID, 8/4/2023,79865
FRI - EVE, 8/4/2023,14224
SAT - MID, 8/5/2023,76104
SAT - EVE, 8/5/2023,88352
SUN - MID, 8/6/2023,63380
SUN - EVE, 8/6/2023,67995
MON - MID, 8/7/2023,98730
MON - EVE, 8/7/2023,54810
TUE - MID, 8/8/2023,89364
TUE - EVE, 8/8/2023,38679
WED - MID, 8/9/2023,85316
WED - EVE, 8/9/2023,74928
THU - MID, 8/10/2023,26106
THU - EVE, 8/10/2023,69343
FRI - MID, 8/11/2023,63746
FRI - EVE, 8/11/2023,30953
SAT - MID, 8/12/2023,2110
SAT - EVE, 8/12/2023,77334
SUN - MID, 8/13/2023,25837
SUN - EVE, 8/13/2023,44330
MON - MID, 8/14/2023,72255
MON - EVE, 8/14/2023,64863
TUE - MID, 8/15/2023,47257
TUE - EVE, 8/15/2023,4315
WED - MID, 8/16/2023,10573
WED - EVE, 8/16/2023,70832
THU - MID, 8/17/2023,65021
THU - EVE, 8/17/2023,55664
FRI - MID, 8/18/2023,95114
FRI - EVE, 8/18/2023,70626
SAT - MID, 8/19/2023,16952
SAT - EVE, 8/19/2023,7606
SUN - MID, 8/20/2023,23082
SUN - EVE, 8/20/2023,17377
MON - MID, 8/21/2023,88951
MON - EVE, 8/21/2023,25542
TUE - MID, 8/22/2023,67259
TUE - EVE, 8/22/2023,27090
WED - MID, 8/23/2023,9031
WED - EVE, 8/23/2023,78953
THU - MID, 8/24/2023,28557
THU - EVE, 8/24/2023,2665
FRI - MID, 8/25/2023,78086
FRI - EVE, 8/25/2023,58071
SAT - MID, 8/26/2023,4196
SAT - EVE, 8/26/2023,71211
SUN - MID, 8/27/2023,73545
SUN - EVE, 8/27/2023,2008
MON - MID, 8/28/2023,82367
MON - EVE, 8/28/2023,99314
TUE - MID, 8/29/2023,79593
TUE - EVE, 8/29/2023,27662
WED - MID, 8/30/2023,50916
WED - EVE, 8/30/2023,62464
THU - MID, 8/31/2023,64653
THU - EVE, 8/31/2023,79805
FRI - MID, 9/1/2023,56711
FRI - EVE, 9/1/2023,4397
SAT - MID, 9/2/2023,58712
SAT - EVE, 9/2/2023,4564
SUN - MID, 9/3/2023,93844
SUN - EVE, 9/3/2023,15588
MON - MID, 9/4/2023,33175
MON - EVE, 9/4/2023,68325
TUE - MID, 9/5/2023,14233
TUE - EVE, 9/5/2023,86242
WED - MID, 9/6/2023,57047
WED - EVE, 9/6/2023,18851
THU - MID, 9/7/2023,50843
THU - EVE, 9/7/2023,80389
FRI - MID, 9/8/2023,94992
FRI - EVE, 9/8/2023,9739
SAT - MID, 9/9/2023,43003
SAT - EVE, 9/9/2023,28387
SUN - MID, 9/10/2023,55694
SUN - EVE, 9/10/2023,50003
MON - MID, 9/11/2023,41788
MON - EVE, 9/11/2023,59697
TUE - MID, 9/12/2023,34395
TUE - EVE, 9/12/2023,47558
WED - MID, 9/13/2023,1627
WED - EVE, 9/13/2023,15483
THU - MID, 9/14/2023,18291
THU - EVE, 9/14/2023,27643
FRI - MID, 9/15/2023,93160
FRI - EVE, 9/15/2023,69244
SAT - MID, 9/16/2023,66132
SAT - EVE, 9/16/2023,24166
SUN - MID, 9/17/2023,25956
SUN - EVE, 9/17/2023,89760
MON - MID, 9/18/2023,36388
MON - EVE, 9/18/2023,27819
TUE - MID, 9/19/2023,36741
TUE - EVE, 9/19/2023,43255
WED - MID, 9/20/2023,21218
WED - EVE, 9/20/2023,61426
THU - MID, 9/21/2023,99909
THU - EVE, 9/21/2023,58631
FRI - MID, 9/22/2023,31556
FRI - EVE, 9/22/2023,63367
SAT - MID, 9/23/2023,62018
SAT - EVE, 9/23/2023,45719
SUN - MID, 9/24/2023,324
SUN - EVE, 9/24/2023,94270
MON - MID, 9/25/2023,85064
MON - EVE, 9/25/2023,43958
TUE - MID, 9/26/2023,25568
TUE - EVE, 9/26/2023,96563
WED - MID, 9/27/2023,61131
WED - EVE, 9/27/2023,49415
THU - MID, 9/28/2023,34184
THU - EVE, 9/28/2023,37913
FRI - MID, 9/29/2023,95584
FRI - EVE, 9/29/2023,64632
SAT - MID, 9/30/2023,21301
SAT - EVE, 9/30/2023,33924
SUN - MID, 10/1/2023,68560
SUN - EVE, 10/1/2023,60043
MON - MID, 10/2/2023,30923
MON - EVE, 10/2/2023,46041
TUE - MID, 10/3/2023,18182
TUE - EVE, 10/3/2023,82778
WED - MID, 10/4/2023,63998
WED - EVE, 10/4/2023,88567
THU - MID, 10/5/2023,11117
THU - EVE, 10/5/2023,31633
FRI - MID, 10/6/2023,44721
FRI - EVE, 10/6/2023,26311
SAT - MID, 10/7/2023,44106
SAT - EVE, 10/7/2023,98373
SUN - MID, 10/8/2023,39183
SUN - EVE, 10/8/2023,53734
MON - MID, 10/9/2023,22899
MON - EVE, 10/9/2023,60923
TUE - MID, 10/10/2023,83831
TUE - EVE, 10/10/2023,70659
WED - MID, 10/11/2023,53269
WED - EVE, 10/11/2023,16511
THU - MID, 10/12/2023,90110
THU - EVE, 10/12/2023,42724
FRI - MID, 10/13/2023,3021
FRI - EVE, 10/13/2023,86248
SAT - MID, 10/14/2023,69062
SAT - EVE, 10/14/2023,7808
SUN - MID, 10/15/2023,41168
SUN - EVE, 10/15/2023,52749
MON - MID, 10/16/2023,62829
MON - EVE, 10/16/2023,26528
TUE - MID, 10/17/2023,1857
TUE - EVE, 10/17/2023,97995
WED - MID, 10/18/2023,1354
WED - EVE, 10/18/2023,21522
THU - MID, 10/19/2023,14945
THU - EVE, 10/19/2023,37370
FRI - MID, 10/20/2023,52639
FRI - EVE, 10/20/2023,2635
SAT - MID, 10/21/2023,27933
SAT - EVE, 10/21/2023,78823
SUN - MID, 10/22/2023,44838
SUN - EVE, 10/22/2023,55491
MON - MID, 10/23/2023,96186
MON - EVE, 10/23/2023,26836
TUE - MID, 10/24/2023,77403
TUE - EVE, 10/24/2023,17624
WED - MID, 10/25/2023,29114
WED - EVE, 10/25/2023,79103
THU - MID, 10/26/2023,78949
THU - EVE, 10/26/2023,40336
FRI - MID, 10/27/2023,56564
FRI - EVE, 10/27/2023,7498
SAT - MID, 10/28/2023,71455
SAT - EVE, 10/28/2023,90501
SUN - MID, 10/29/2023,46556
SUN - EVE, 10/29/2023,66827
MON - MID, 10/30/2023,60855
MON - EVE, 10/30/2023,1602
TUE - MID, 10/31/2023,56222
TUE - EVE, 10/31/2023,78708
WED - MID, 11/1/2023,83388
WED - EVE, 11/1/2023,31142
THU - MID, 11/2/2023,6706
THU - EVE, 11/2/2023,55511
FRI - MID, 11/3/2023,1739
FRI - EVE, 11/3/2023,66658
SAT - MID, 11/4/2023,95091
SAT - EVE, 11/4/2023,74346
SUN - MID, 11/5/2023,22731
SUN - EVE, 11/5/2023,44794
MON - MID, 11/6/2023,56727
MON - EVE, 11/6/2023,87675
TUE - MID, 11/7/2023,49638
TUE - EVE, 11/7/2023,10016
WED - MID, 11/8/2023,75817
WED - EVE, 11/8/2023,20889
THU - MID, 11/9/2023,44011
THU - EVE, 11/9/2023,12571
FRI - MID, 11/10/2023,57033
FRI - EVE, 11/10/2023,27723
SAT - MID, 11/11/2023,71722
SAT - EVE, 11/11/2023,20586
SUN - MID, 11/12/2023,18953
SUN - EVE, 11/12/2023,73118
MON - MID, 11/13/2023,18148
MON - EVE, 11/13/2023,39348
TUE - MID, 11/14/2023,12731
TUE - EVE, 11/14/2023,70805
WED - MID, 11/15/2023,85091
WED - EVE, 11/15/2023,69888
THU - MID, 11/16/2023,13886
THU - EVE, 11/16/2023,51699
FRI - MID, 11/17/2023,81180
FRI - EVE, 11/17/2023,60990
SAT - MID, 11/18/2023,4255
SAT - EVE, 11/18/2023,49246
SUN - MID, 11/19/2023,19305
SUN - EVE, 11/19/2023,74369
MON - MID, 11/20/2023,85537
MON - EVE, 11/20/2023,33918
TUE - MID, 11/21/2023,19117
TUE - EVE, 11/21/2023,31868
WED - MID, 11/22/2023,52506
WED - EVE, 11/22/2023,34824
THU - MID, 11/23/2023,25882
THU - EVE, 11/23/2023,56033
FRI - MID, 11/24/2023,54463
FRI - EVE, 11/24/2023,71862
SAT - MID, 11/25/2023,87814
SAT - EVE, 11/25/2023,18868
SUN - MID, 11/26/2023,14649
SUN - EVE, 11/26/2023,98116
MON - MID, 11/27/2023,46849
MON - EVE, 11/27/2023,63010
TUE - MID, 11/28/2023,49517
TUE - EVE, 11/28/2023,46185
WED - MID, 11/29/2023,7669
WED - EVE, 11/29/2023,34329
THU - MID, 11/30/2023,23577
THU - EVE, 11/30/2023,54199
FRI - MID, 12/1/2023,62260
FRI - EVE, 12/1/2023,32087
SAT - MID, 12/2/2023,90627
SAT - EVE, 12/2/2023,77969
SUN - MID, 12/3/2023,36024
SUN - EVE, 12/3/2023,21551
MON - MID, 12/4/2023,403
MON - EVE, 12/4/2023,63136
TUE - MID, 12/5/2023,20107
TUE - EVE, 12/5/2023,86139
WED - MID, 12/6/2023,97399
WED - EVE, 12/6/2023,8872
THU - MID, 12/7/2023,67867
THU - EVE, 12/7/2023,70132
FRI - MID, 12/8/2023,72024
FRI - EVE, 12/8/2023,46848
SAT - MID, 12/9/2023,73000
SAT - EVE, 12/9/2023,63018
SUN - MID, 12/10/2023,16557
SUN - EVE, 12/10/2023,42937
MON - MID, 12/11/2023,81853
MON - EVE, 12/11/2023,73114
TUE - MID, 12/12/2023,77968
TUE - EVE, 12/12/2023,71204
WED - MID, 12/13/2023,96682
WED - EVE, 12/13/2023,92667
THU - MID, 12/14/2023,52012
THU - EVE, 12/14/2023,62659
FRI - MID, 12/15/2023,96576
FRI - EVE, 12/15/2023,51579
SAT - MID, 12/16/2023,75753
SAT - EVE, 12/16/2023,78119
SUN - MID, 12/17/2023,53833
SUN - EVE, 12/17/2023,13460
MON - MID, 12/18/2023,85486
MON - EVE, 12/18/2023,50233
TUE - MID, 12/19/2023,36804
TUE - EVE, 12/19/2023,20516
WED - MID, 12/20/2023,5106
WED - EVE, 12/20/2023,22810
THU - MID, 12/21/2023,60756
THU - EVE, 12/21/2023,60114
FRI - MID, 12/22/2023,35391
FRI - EVE, 12/22/2023,39733
SAT - MID, 12/23/2023,28588
SAT - EVE, 12/23/2023,51510
SUN - MID, 12/24/2023,99493
SUN - EVE, 12/24/2023,30883
MON - MID, 12/25/2023,26716
MON - EVE, 12/25/2023,95005
TUE - MID, 12/26/2023,90710
TUE - EVE, 12/26/2023,20416
WED - MID, 12/27/2023,37454
WED - EVE, 12/27/2023,5849
THU - MID, 12/28/2023,79297
THU - EVE, 12/28/2023,32333
FRI - MID, 12/29/2023,42551
FRI - EVE, 12/29/2023,34595
SAT - MID, 12/30/2023,64441
SAT - EVE, 12/30/2023,14632
SUN - MID, 12/31/2023,84687
SUN - EVE, 12/31/2023,72272
MON - MID, 1/1/2024,12781
MON - EVE, 1/1/2024,85425
TUE - MID, 1/2/2024,1466
TUE - EVE, 1/2/2024,11805
WED - MID, 1/3/2024,54876
WED - EVE, 1/3/2024,66505
THU - MID, 1/4/2024,65654
THU - EVE, 1/4/2024,12245
FRI - MID, 1/5/2024,34221
FRI - EVE, 1/5/2024,94596
SAT - MID, 1/6/2024,89993
SAT - EVE, 1/6/2024,78506
SUN - MID, 1/7/2024,14432
SUN - EVE, 1/7/2024,94639
MON - MID, 1/8/2024,90801
MON - EVE, 1/8/2024,26701
TUE - MID, 1/9/2024,10268
TUE - EVE, 1/9/2024,98636
WED - MID, 1/10/2024,20465
WED - EVE, 1/10/2024,48275
THU - MID, 1/11/2024,76421
THU - EVE, 1/11/2024,69737
FRI - MID, 1/12/2024,62364
FRI - EVE, 1/12/2024,41663
SAT - MID, 1/13/2024,35161
SAT - EVE, 1/13/2024,95572
SUN - MID, 1/14/2024,11544
SUN - EVE, 1/14/2024,72369
MON - MID, 1/15/2024,73674
MON - EVE, 1/15/2024,34152
TUE - MID, 1/16/2024,18453
TUE - EVE, 1/16/2024,19887
WED - MID, 1/17/2024,74308
WED - EVE, 1/17/2024,76296
THU - MID, 1/18/2024,60012
THU - EVE, 1/18/2024,10100
FRI - MID, 1/19/2024,40754
FRI - EVE, 1/19/2024,82191
SAT - MID, 1/20/2024,18142
SAT - EVE, 1/20/2024,80895
SUN - MID, 1/21/2024,91633
SUN - EVE, 1/21/2024,88982
MON - MID, 1/22/2024,70704
MON - EVE, 1/22/2024,69043
TUE - MID, 1/23/2024,74819
TUE - EVE, 1/23/2024,63425
WED - MID, 1/24/2024,83402
WED - EVE, 1/24/2024,95648
THU - MID, 1/25/2024,2993
THU - EVE, 1/25/2024,88327
FRI - MID, 1/26/2024,15431
FRI - EVE, 1/26/2024,81838
SAT - MID, 1/27/2024,17686
SAT - EVE, 1/27/2024,42927
SUN - MID, 1/28/2024,84247
SUN - EVE, 1/28/2024,79283
MON - MID, 1/29/2024,9949
MON - EVE, 1/29/2024,71062
TUE - MID, 1/30/2024,92765
TUE - EVE, 1/30/2024,88933
WED - MID, 1/31/2024,17832
WED - EVE, 1/31/2024,3863
THU - MID, 2/1/2024,61101
THU - EVE, 2/1/2024,45048
FRI - MID, 2/2/2024,99557
FRI - EVE, 2/2/2024,2732
SAT - MID, 2/3/2024,24142
SAT - EVE, 2/3/2024,50296
SUN - MID, 2/4/2024,82114
SUN - EVE, 2/4/2024,47598
MON - MID, 2/5/2024,32573
MON - EVE, 2/5/2024,20668
TUE - MID, 2/6/2024,10208
TUE - EVE, 2/6/2024,99378
WED - MID, 2/7/2024,70569
WED - EVE, 2/7/2024,41512
THU - MID, 2/8/2024,2951
THU - EVE, 2/8/2024,56857
FRI - MID, 2/9/2024,85077
FRI - EVE, 2/9/2024,36149
SAT - MID, 2/10/2024,1922
SAT - EVE, 2/10/2024,39626
SUN - MID, 2/11/2024,69462
SUN - EVE, 2/11/2024,10239
MON - MID, 2/12/2024,15953
MON - EVE, 2/12/2024,66802
TUE - MID, 2/13/2024,69687
TUE - EVE, 2/13/2024,18498
WED - MID, 2/14/2024,55495
WED - EVE, 2/14/2024,36965
THU - MID, 2/15/2024,49928
THU - EVE, 2/15/2024,58399
FRI - MID, 2/16/2024,86137
FRI - EVE, 2/16/2024,16531
SAT - MID, 2/17/2024,41873
SAT - EVE, 2/17/2024,51162
SUN - MID, 2/18/2024,94459
SUN - EVE, 2/18/2024,23494
MON - MID, 2/19/2024,55446
MON - EVE, 2/19/2024,18399
TUE - MID, 2/20/2024,14202
TUE - EVE, 2/20/2024,41869
WED - MID, 2/21/2024,62319
WED - EVE, 2/21/2024,95480
THU - MID, 2/22/2024,42152
THU - EVE, 2/22/2024,79192
FRI - MID, 2/23/2024,81773
FRI - EVE, 2/23/2024,68770
SAT - MID, 2/24/2024,38973
SAT - EVE, 2/24/2024,333
SUN - MID, 2/25/2024,74161
SUN - EVE, 2/25/2024,79913
MON - MID, 2/26/2024,58235
MON - EVE, 2/26/2024,52575
TUE - MID, 2/27/2024,81764
TUE - EVE, 2/27/2024,71276
WED - MID, 2/28/2024,64307
WED - EVE, 2/28/2024,35988
THU - MID, 2/29/2024,50460
THU - EVE, 2/29/2024,56411
FRI - MID, 3/1/2024,39474
FRI - EVE, 3/1/2024,76641
SAT - MID, 3/2/2024,22180
SAT - EVE, 3/2/2024,74221
SUN - MID, 3/3/2024,81981
SUN - EVE, 3/3/2024,677
MON - MID, 3/4/2024,15453
MON - EVE, 3/4/2024,82640
TUE - MID, 3/5/2024,58425
TUE - EVE, 3/5/2024,56106
WED - MID, 3/6/2024,17108
WED - EVE, 3/6/2024,78308
THU - MID, 3/7/2024,28015
THU - EVE, 3/7/2024,29241
FRI - MID, 3/8/2024,39576
FRI - EVE, 3/8/2024,60863
SAT - MID, 3/9/2024,18159
SAT - EVE, 3/9/2024,79329
SUN - MID, 3/10/2024,33631
SUN - EVE, 3/10/2024,90731
MON - MID, 3/11/2024,40758
MON - EVE, 3/11/2024,36587
TUE - MID, 3/12/2024,37295
TUE - EVE, 3/12/2024,43667
WED - MID, 3/13/2024,39617
WED - EVE, 3/13/2024,78969
THU - MID, 3/14/2024,72296
THU - EVE, 3/14/2024,38353
FRI - MID, 3/15/2024,64944
FRI - EVE, 3/15/2024,62947
SAT - MID, 3/16/2024,97787
SAT - EVE, 3/16/2024,60260
SUN - MID, 3/17/2024,45120
SUN - EVE, 3/17/2024,76692
MON - MID, 3/18/2024,61843
MON - EVE, 3/18/2024,34573
TUE - MID, 3/19/2024,92656
TUE - EVE, 3/19/2024,72604
WED - MID, 3/20/2024,92694
WED - EVE, 3/20/2024,3504
THU - MID, 3/21/2024,75612
THU - EVE, 3/21/2024,14156
FRI - MID, 3/22/2024,75564
FRI - EVE, 3/22/2024,99759
SAT - MID, 3/23/2024,58862
SAT - EVE, 3/23/2024,55145
SUN - MID, 3/24/2024,39797
SUN - EVE, 3/24/2024,50767
MON - MID, 3/25/2024,82930
MON - EVE, 3/25/2024,88084
TUE - MID, 3/26/2024,48911
TUE - EVE, 3/26/2024,95408
WED - MID, 3/27/2024,26116
WED - EVE, 3/27/2024,64176
THU - MID, 3/28/2024,86973
THU - EVE, 3/28/2024,65223
FRI - MID, 3/29/2024,434
